/*****************************************************************************
* | File      	:   ImageData.c
* | Author      :   Waveshare team
* | Function    :	
*----------------
* |	This version:   V1.1
* | Date        :   2019-06-12
* | Info        :
*
#
# Permission is hereby granted, free of charge, to any person obtaining a copy
# of this software and associated documnetation files (the "Software"), to deal
# in the Software without restriction, including without limitation the rights
# to use, copy, modify, merge, publish, distribute, sublicense, and/or sell
# copies of the Software, and to permit persons to  whom the Software is
# furished to do so, subject to the following conditions:
#
# The above copyright notice and this permission notice shall be included in
# all copies or substantial portions of the Software.
#
# THE SOFTWARE IS PROVIDED "AS IS", WITHOUT WARRANTY OF ANY KIND, EXPRESS OR
# IMPLIED, INCLUDING BUT NOT LIMITED TO THE WARRANTIES OF MERCHANTABILITY,
# FITNESS OR A PARTICULAR PURPOSE AND NONINFRINGEMENT. IN NO EVENT SHALL THE
# AUTHORS OR COPYRIGHT HOLDERS BE LIABLE FOR ANY CLAIM, DAMAGES OR OTHER
# LIABILITY WHETHER IN AN ACTION OF CONTRACT, TORT OR OTHERWISE, ARISING FROM,
# OUT OF OR IN CONNECTION WITH THE SOFTWARE OR THE USE OR OTHER DEALINGS IN
# THE SOFTWARE.
#

******************************************************************************/

#include "ImageData.h"
// 6 Color Image Data 200*200 
const unsigned char BMP_1[20000] = {
0x13,0x23,0x13,0x13,0x13,0x23,0x23,0x13,0x23,0x13,0x13,0x31,0x32,0x31,0x31,0x31,
0x32,0x31,0x31,0x31,0x32,0x31,0x31,0x31,0x32,0x31,0x31,0x31,0x31,0x31,0x31,0x31,
0x31,0x11,0x13,0x13,0x13,0x13,0x13,0x13,0x13,0x13,0x11,0x11,0x11,0x13,0x13,0x11,
0x11,0x11,0x11,0x13,0x11,0x31,0x13,0x11,0x31,0x13,0x11,0x13,0x11,0x11,0x61,0x11,
0x16,0x11,0x21,0x11,0x12,0x12,0x11,0x21,0x21,0x12,0x11,0x11,0x11,0x11,0x11,0x11,
0x31,0x11,0x11,0x11,0x11,0x11,0x11,0x11,0x11,0x21,0x21,0x21,0x21,0x26,0x12,0x12,
0x12,0x12,0x16,0x12,0x31,0x31,0x33,0x23,0x31,0x31,0x31,0x31,0x31,0x32,0x31,0x23,
0x13,0x13,0x23,0x13,0x13,0x13,0x13,0x13,0x21,0x31,0x32,0x31,0x31,0x31,0x31,0x32,
0x31,0x31,0x31,0x31,0x31,0x31,0x31,0x31,0x31,0x32,0x31,0x31,0x31,0x21,0x11,0x11,
0x11,0x11,0x31,0x13,0x13,0x13,0x13,0x11,0x31,0x11,0x31,0x13,0x11,0x31,0x13,0x11,
0x13,0x11,0x51,0x65,0x11,0x52,0x51,0x61,0x31,0x11,0x21,0x12,0x11,0x31,0x13,0x13,
0x11,0x31,0x31,0x13,0x11,0x31,0x31,0x31,0x31,0x31,0x31,0x31,0x31,0x21,0x21,0x61,
0x61,0x21,0x26,0x16,0x16,0x16,0x12,0x16,0x32,0x31,0x31,0x32,0x13,0x31,0x32,0x31,
0x33,0x13,0x13,0x31,0x33,0x13,0x13,0x23,0x31,0x31,0x32,0x31,0x31,0x31,0x31,0x31,
0x31,0x31,0x31,0x31,0x31,0x31,0x31,0x31,0x31,0x31,0x31,0x32,0x31,0x31,0x32,0x31,
0x31,0x33,0x12,0x11,0x11,0x11,0x33,0x11,0x51,0x11,0x11,0x11,0x11,0x31,0x13,0x11,
0x31,0x11,0x31,0x13,0x11,0x32,0x11,0x11,0x62,0x11,0x21,0x31,0x61,0x21,0x13,0x11,
0x31,0x11,0x11,0x11,0x31,0x11,0x13,0x11,0x11,0x11,0x11,0x11,0x11,0x11,0x11,0x11,
0x13,0x12,0x52,0x13,0x21,0x25,0x12,0x12,0x13,0x12,0x25,0x21,0x31,0x31,0x31,0x31,
0x33,0x13,0x13,0x13,0x13,0x13,0x13,0x13,0x13,0x13,0x13,0x13,0x13,0x13,0x13,0x13,
0x13,0x13,0x13,0x13,0x13,0x13,0x13,0x13,0x13,0x13,0x13,0x13,0x13,0x13,0x13,0x13,
0x13,0x13,0x13,0x13,0x13,0x13,0x11,0x11,0x21,0x13,0x31,0x11,0x11,0x31,0x11,0x31,
0x31,0x31,0x31,0x13,0x15,0x25,0x11,0x31,0x13,0x11,0x56,0x15,0x11,0x61,0x61,0x21,
0x21,0x31,0x21,0x11,0x11,0x21,0x11,0x11,0x11,0x11,0x11,0x13,0x13,0x13,0x13,0x13,
0x13,0x13,0x13,0x13,0x11,0x21,0x21,0x26,0x16,0x12,0x25,0x26,0x16,0x16,0x12,0x16,
0x31,0x32,0x31,0x33,0x13,0x23,0x13,0x13,0x31,0x33,0x13,0x23,0x13,0x13,0x31,0x31,
0x31,0x32,0x31,0x32,0x31,0x31,0x32,0x31,0x32,0x31,0x31,0x31,0x31,0x31,0x31,0x32,
0x31,0x32,0x31,0x31,0x31,0x31,0x31,0x31,0x31,0x31,0x31,0x11,0x11,0x11,0x13,0x31,
0x31,0x13,0x11,0x11,0x51,0x11,0x13,0x11,0x31,0x11,0x31,0x13,0x11,0x61,0x11,0x12,
0x13,0x12,0x16,0x12,0x11,0x21,0x12,0x10,0x11,0x13,0x13,0x11,0x11,0x11,0x11,0x11,
0x11,0x11,0x11,0x11,0x11,0x11,0x11,0x11,0x31,0x13,0x21,0x31,0x21,0x26,0x12,0x11,
0x61,0x36,0x16,0x12,0x23,0x13,0x13,0x13,0x13,0x13,0x31,0x32,0x13,0x21,0x33,0x13,
0x31,0x32,0x13,0x13,0x23,0x13,0x13,0x13,0x13,0x23,0x13,0x13,0x13,0x13,0x23,0x13,
0x13,0x13,0x13,0x13,0x13,0x13,0x13,0x23,0x13,0x13,0x23,0x13,0x23,0x13,0x11,0x11,
0x31,0x11,0x32,0x11,0x11,0x11,0x13,0x13,0x12,0x53,0x11,0x31,0x13,0x13,0x11,0x31,
0x15,0x11,0x01,0x61,0x21,0x21,0x21,0x21,0x61,0x11,0x21,0x11,0x15,0x11,0x11,0x11,
0x11,0x13,0x11,0x11,0x23,0x13,0x11,0x31,0x31,0x31,0x31,0x21,0x11,0x31,0x13,0x12,
0x52,0x61,0x26,0x10,0x21,0x21,0x25,0x26,0x31,0x33,0x23,0x13,0x31,0x32,0x13,0x13,
0x31,0x33,0x11,0x32,0x13,0x13,0x23,0x13,0x13,0x13,0x13,0x13,0x13,0x13,0x13,0x13,
0x13,0x13,0x13,0x13,0x13,0x23,0x13,0x13,0x13,0x13,0x13,0x13,0x13,0x13,0x13,0x13,
0x13,0x13,0x13,0x11,0x11,0x11,0x13,0x31,0x13,0x11,0x11,0x11,0x31,0x11,0x31,0x13,
0x11,0x11,0x31,0x13,0x12,0x12,0x12,0x13,0x61,0x21,0x21,0x31,0x31,0x21,0x11,0x51,
0x11,0x51,0x11,0x11,0x11,0x11,0x11,0x11,0x11,0x11,0x31,0x11,0x11,0x11,0x11,0x31,
0x31,0x13,0x12,0x12,0x21,0x10,0x12,0x12,0x16,0x16,0x12,0x11,0x13,0x31,0x31,0x31,
0x33,0x13,0x31,0x33,0x13,0x13,0x23,0x13,0x31,0x31,0x31,0x31,0x31,0x32,0x31,0x32,
0x31,0x31,0x31,0x33,0x13,0x13,0x31,0x33,0x13,0x13,0x13,0x13,0x13,0x13,0x13,0x13,
0x23,0x13,0x13,0x13,0x13,0x13,0x21,0x11,0x11,0x13,0x23,0x11,0x51,0x15,0x11,0x11,
0x11,0x31,0x13,0x11,0x31,0x31,0x11,0x31,0x11,0x51,0x26,0x11,0x12,0x52,0x11,0x61,
0x11,0x11,0x15,0x11,0x16,0x11,0x15,0x11,0x11,0x11,0x11,0x11,0x11,0x11,0x11,0x31,
0x13,0x13,0x11,0x11,0x11,0x31,0x23,0x13,0x12,0x31,0x21,0x61,0x22,0x12,0x36,0x12,
0x23,0x13,0x13,0x23,0x12,0x31,0x23,0x13,0x13,0x13,0x13,0x13,0x13,0x31,0x31,0x32,
0x31,0x31,0x31,0x31,0x31,0x33,0x23,0x13,0x23,0x31,0x33,0x13,0x23,0x13,0x13,0x31,
0x31,0x32,0x31,0x31,0x31,0x32,0x31,0x32,0x31,0x31,0x33,0x11,0x21,0x11,0x12,0x51,
0x65,0x61,0x56,0x51,0x51,0x11,0x11,0x31,0x11,0x31,0x31,0x10,0x12,0x21,0x13,0x12,
0x21,0x21,0x31,0x12,0x11,0x12,0x11,0x25,0x11,0x11,0x11,0x11,0x11,0x11,0x11,0x11,
0x11,0x13,0x11,0x11,0x11,0x11,0x31,0x31,0x31,0x13,0x13,0x21,0x31,0x21,0x63,0x10,
0x16,0x36,0x11,0x62,0x31,0x31,0x33,0x13,0x13,0x33,0x31,0x32,0x33,0x23,0x13,0x23,
0x13,0x13,0x13,0x13,0x13,0x13,0x13,0x13,0x13,0x11,0x31,0x31,0x31,0x32,0x31,0x31,
0x31,0x33,0x13,0x13,0x23,0x13,0x13,0x23,0x13,0x13,0x13,0x23,0x13,0x13,0x11,0x11,
0x13,0x11,0x33,0x11,0x51,0x15,0x11,0x52,0x15,0x15,0x11,0x11,0x31,0x11,0x11,0x31,
0x11,0x25,0x21,0x21,0x12,0x12,0x11,0x21,0x51,0x11,0x11,0x11,0x15,0x16,0x11,0x11,
0x51,0x11,0x11,0x11,0x11,0x11,0x11,0x31,0x31,0x11,0x11,0x11,0x31,0x31,0x13,0x13,
0x12,0x13,0x12,0x12,0x12,0x11,0x62,0x11,0x32,0x31,0x31,0x32,0x31,0x31,0x13,0x13,
0x13,0x13,0x13,0x31,0x31,0x32,0x31,0x31,0x32,0x31,0x31,0x31,0x32,0x31,0x31,0x31,
0x31,0x31,0x31,0x33,0x13,0x13,0x13,0x13,0x13,0x13,0x13,0x12,0x31,0x32,0x31,0x31,
0x31,0x31,0x33,0x11,0x11,0x11,0x11,0x31,0x11,0x11,0x11,0x15,0x15,0x61,0x65,0x11,
0x11,0x31,0x31,0x12,0x25,0x21,0x21,0x12,0x21,0x21,0x61,0x11,0x12,0x15,0x15,0x16,
0x11,0x11,0x61,0x51,0x11,0x11,0x11,0x11,0x11,0x11,0x31,0x11,0x11,0x31,0x31,0x31,
0x13,0x13,0x13,0x13,0x13,0x21,0x31,0x22,0x01,0x62,0x11,0x02,0x13,0x13,0x23,0x13,
0x13,0x23,0x33,0x23,0x13,0x13,0x31,0x13,0x23,0x13,0x13,0x13,0x23,0x13,0x13,0x13,
0x13,0x13,0x13,0x23,0x13,0x13,0x23,0x21,0x32,0x31,0x32,0x31,0x31,0x31,0x31,0x33,
0x13,0x23,0x13,0x13,0x23,0x23,0x11,0x21,0x11,0x11,0x13,0x11,0x11,0x11,0x11,0x11,
0x11,0x15,0x15,0x65,0x11,0x11,0x11,0x31,0x12,0x11,0x21,0x21,0x13,0x11,0x11,0x01,
0x11,0x11,0x11,0x11,0x15,0x11,0x51,0x11,0x11,0x11,0x11,0x11,0x11,0x11,0x11,0x13,
0x11,0x11,0x11,0x31,0x31,0x31,0x31,0x13,0x13,0x13,0x12,0x31,0x12,0x13,0x62,0x16,
0x13,0x31,0x31,0x31,0x31,0x31,0x31,0x31,0x32,0x31,0x23,0x13,0x13,0x13,0x13,0x23,
0x13,0x13,0x23,0x23,0x13,0x23,0x13,0x13,0x23,0x31,0x31,0x33,0x13,0x13,0x31,0x31,
0x31,0x31,0x32,0x31,0x31,0x31,0x32,0x31,0x31,0x31,0x33,0x13,0x11,0x11,0x12,0x31,
0x11,0x11,0x11,0x11,0x11,0x11,0x11,0x11,0x05,0x51,0x21,0x12,0x21,0x21,0x21,0x31,
0x61,0x15,0x21,0x11,0x31,0x11,0x11,0x51,0x11,0x11,0x11,0x11,0x61,0x51,0x11,0x11,
0x11,0x11,0x11,0x11,0x13,0x13,0x13,0x11,0x31,0x31,0x13,0x13,0x13,0x11,0x31,0x16,
0x21,0x21,0x36,0x12,0x31,0x32,0x33,0x13,0x31,0x31,0x31,0x31,0x31,0x33,0x31,0x32,
0x31,0x31,0x31,0x31,0x31,0x31,0x31,0x31,0x31,0x31,0x32,0x31,0x31,0x23,0x31,0x31,
0x33,0x13,0x13,0x13,0x23,0x13,0x13,0x13,0x23,0x13,0x13,0x13,0x13,0x13,0x12,0x11,
0x11,0x21,0x31,0x31,0x11,0x11,0x11,0x11,0x11,0x11,0x11,0x11,0x11,0x65,0x15,0x21,
0x13,0x12,0x11,0x21,0x12,0x12,0x11,0x51,0x11,0x12,0x51,0x11,0x61,0x51,0x61,0x15,
0x11,0x11,0x15,0x11,0x11,0x11,0x11,0x31,0x21,0x31,0x13,0x13,0x13,0x13,0x13,0x13,
0x13,0x13,0x12,0x31,0x31,0x31,0x11,0x25,0x31,0x31,0x31,0x31,0x32,0x31,0x32,0x31,
0x33,0x11,0x33,0x13,0x13,0x13,0x23,0x13,0x13,0x13,0x13,0x13,0x13,0x13,0x13,0x13,
0x13,0x13,0x13,0x31,0x32,0x32,0x32,0x31,0x32,0x31,0x31,0x31,0x31,0x32,0x31,0x32,
0x31,0x31,0x33,0x11,0x11,0x11,0x11,0x31,0x11,0x11,0x11,0x11,0x11,0x11,0x11,0x11,
0x11,0x15,0x15,0x13,0x12,0x11,0x21,0x12,0x11,0x11,0x12,0x11,0x11,0x11,0x11,0x61,
0x11,0x11,0x16,0x11,0x11,0x15,0x11,0x11,0x51,0x11,0x11,0x11,0x31,0x13,0x13,0x13,
0x11,0x31,0x31,0x31,0x13,0x13,0x13,0x12,0x12,0x12,0x20,0x12,0x23,0x13,0x13,0x23,
0x13,0x31,0x31,0x33,0x11,0x33,0x11,0x31,0x32,0x31,0x31,0x32,0x31,0x31,0x31,0x32,
0x31,0x32,0x31,0x32,0x33,0x13,0x32,0x13,0x13,0x13,0x13,0x13,0x13,0x13,0x23,0x23,
0x13,0x13,0x13,0x23,0x13,0x23,0x11,0x11,0x13,0x11,0x32,0x11,0x11,0x11,0x11,0x11,
0x11,0x11,0x11,0x11,0x11,0x11,0x21,0x65,0x11,0x21,0x25,0x21,0x21,0x01,0x15,0x11,
0x11,0x31,0x11,0x51,0x11,0x61,0x11,0x51,0x15,0x21,0x11,0x61,0x11,0x61,0x51,0x11,
0x11,0x31,0x13,0x13,0x13,0x11,0x31,0x13,0x13,0x13,0x13,0x13,0x13,0x13,0x11,0x21,
0x13,0x13,0x31,0x31,0x31,0x13,0x31,0x31,0x32,0x32,0x32,0x33,0x13,0x23,0x13,0x13,
0x13,0x23,0x23,0x13,0x13,0x13,0x23,0x13,0x13,0x31,0x13,0x33,0x13,0x31,0x31,0x33,
0x13,0x31,0x31,0x31,0x32,0x31,0x31,0x31,0x31,0x32,0x31,0x31,0x11,0x11,0x13,0x31,
0x11,0x11,0x11,0x11,0x11,0x11,0x11,0x11,0x11,0x11,0x11,0x11,0x65,0x31,0x21,0x11,
0x11,0x12,0x11,0x16,0x11,0x11,0x61,0x11,0x51,0x15,0x11,0x15,0x11,0x51,0x61,0x11,
0x15,0x11,0x11,0x11,0x31,0x11,0x31,0x13,0x11,0x33,0x15,0x31,0x31,0x31,0x13,0x11,
0x31,0x21,0x61,0x31,0x33,0x23,0x13,0x31,0x33,0x32,0x13,0x13,0x31,0x31,0x31,0x31,
0x31,0x31,0x31,0x31,0x31,0x31,0x31,0x31,0x32,0x31,0x31,0x33,0x13,0x13,0x31,0x31,
0x33,0x13,0x31,0x31,0x31,0x31,0x31,0x31,0x31,0x31,0x32,0x31,0x31,0x31,0x31,0x11,
0x11,0x21,0x13,0x11,0x11,0x11,0x11,0x11,0x11,0x11,0x11,0x11,0x11,0x11,0x11,0x11,
0x15,0x16,0x11,0x21,0x31,0x11,0x12,0x11,0x11,0x16,0x11,0x61,0x11,0x11,0x16,0x11,
0x11,0x11,0x15,0x15,0x11,0x11,0x51,0x61,0x11,0x31,0x31,0x31,0x31,0x31,0x13,0x11,
0x31,0x13,0x13,0x13,0x13,0x13,0x13,0x12,0x21,0x31,0x32,0x13,0x13,0x13,0x13,0x32,
0x13,0x13,0x31,0x31,0x31,0x31,0x32,0x31,0x31,0x31,0x32,0x31,0x31,0x33,0x13,0x13,
0x13,0x31,0x33,0x23,0x13,0x23,0x13,0x23,0x13,0x23,0x13,0x23,0x13,0x23,0x13,0x13,
0x23,0x13,0x13,0x31,0x31,0x11,0x13,0x25,0x11,0x11,0x11,0x11,0x11,0x11,0x11,0x11,
0x11,0x11,0x11,0x11,0x11,0x11,0x51,0x21,0x11,0x21,0x51,0x11,0x51,0x11,0x51,0x11,
0x11,0x56,0x11,0x11,0x61,0x61,0x11,0x11,0x11,0x51,0x21,0x15,0x11,0x11,0x13,0x11,
0x31,0x31,0x31,0x31,0x31,0x31,0x31,0x13,0x11,0x25,0x21,0x31,0x33,0x13,0x13,0x33,
0x23,0x13,0x32,0x13,0x32,0x31,0x13,0x23,0x13,0x13,0x31,0x32,0x32,0x31,0x31,0x31,
0x31,0x31,0x32,0x31,0x32,0x13,0x13,0x13,0x31,0x31,0x33,0x13,0x23,0x13,0x23,0x13,
0x13,0x13,0x13,0x23,0x13,0x23,0x23,0x11,0x11,0x13,0x11,0x31,0x11,0x11,0x11,0x11,
0x11,0x11,0x11,0x11,0x11,0x11,0x11,0x11,0x11,0x15,0x15,0x11,0x21,0x11,0x21,0x13,
0x11,0x11,0x11,0x51,0x61,0x11,0x15,0x15,0x11,0x11,0x51,0x61,0x51,0x11,0x15,0x11,
0x13,0x13,0x13,0x13,0x13,0x13,0x13,0x13,0x13,0x13,0x13,0x13,0x13,0x12,0x13,0x11,
0x13,0x13,0x23,0x11,0x31,0x33,0x13,0x33,0x13,0x13,0x31,0x31,0x33,0x23,0x13,0x13,
0x13,0x13,0x13,0x13,0x13,0x23,0x13,0x13,0x13,0x33,0x32,0x31,0x32,0x33,0x13,0x13,
0x13,0x31,0x32,0x31,0x32,0x31,0x31,0x31,0x31,0x31,0x31,0x31,0x11,0x11,0x31,0x31,
0x11,0x11,0x11,0x11,0x11,0x11,0x11,0x11,0x11,0x11,0x11,0x11,0x11,0x11,0x11,0x56,
0x11,0x31,0x11,0x11,0x11,0x56,0x11,0x11,0x11,0x15,0x11,0x11,0x11,0x51,0x11,0x11,
0x11,0x61,0x11,0x11,0x11,0x13,0x11,0x31,0x51,0x31,0x13,0x11,0x31,0x13,0x11,0x31,
0x11,0x31,0x31,0x31,0x31,0x33,0x13,0x33,0x13,0x13,0x13,0x13,0x13,0x32,0x31,0x32,
0x31,0x31,0x32,0x33,0x13,0x31,0x32,0x31,0x32,0x31,0x31,0x33,0x13,0x11,0x31,0x32,
0x31,0x31,0x32,0x31,0x31,0x23,0x13,0x13,0x23,0x13,0x23,0x13,0x13,0x13,0x13,0x11,
0x11,0x11,0x21,0x31,0x11,0x11,0x11,0x11,0x11,0x11,0x11,0x11,0x11,0x11,0x11,0x11,
0x11,0x11,0x11,0x15,0x11,0x11,0x21,0x31,0x12,0x11,0x16,0x11,0x51,0x61,0x16,0x11,
0x61,0x11,0x16,0x15,0x12,0x11,0x51,0x61,0x11,0x61,0x13,0x13,0x13,0x13,0x13,0x13,
0x13,0x13,0x13,0x13,0x13,0x11,0x13,0x11,0x13,0x13,0x31,0x13,0x23,0x32,0x31,0x31,
0x33,0x13,0x13,0x31,0x31,0x31,0x31,0x31,0x33,0x13,0x13,0x13,0x31,0x31,0x33,0x13,
0x23,0x32,0x33,0x13,0x13,0x31,0x31,0x32,0x33,0x31,0x31,0x31,0x31,0x31,0x31,0x32,
0x32,0x31,0x31,0x31,0x21,0x11,0x31,0x31,0x11,0x11,0x11,0x11,0x11,0x11,0x11,0x11,
0x11,0x11,0x11,0x11,0x11,0x11,0x11,0x11,0x05,0x11,0x11,0x11,0x11,0x11,0x51,0x61,
0x11,0x16,0x11,0x15,0x11,0x61,0x51,0x11,0x15,0x11,0x11,0x11,0x51,0x13,0x11,0x31,
0x31,0x31,0x31,0x31,0x13,0x13,0x13,0x11,0x31,0x13,0x11,0x31,0x33,0x13,0x13,0x31,
0x31,0x31,0x33,0x13,0x12,0x33,0x13,0x13,0x31,0x31,0x33,0x13,0x13,0x23,0x31,0x31,
0x33,0x13,0x31,0x31,0x31,0x31,0x31,0x33,0x31,0x32,0x31,0x33,0x12,0x31,0x33,0x23,
0x13,0x23,0x13,0x13,0x13,0x13,0x13,0x11,0x11,0x12,0x31,0x31,0x65,0x11,0x61,0x11,
0x11,0x11,0x11,0x11,0x11,0x11,0x11,0x11,0x11,0x11,0x11,0x11,0x11,0x52,0x11,0x21,
0x31,0x11,0x11,0x11,0x51,0x11,0x11,0x51,0x11,0x11,0x11,0x51,0x11,0x15,0x11,0x61,
0x11,0x11,0x13,0x13,0x11,0x31,0x13,0x15,0x25,0x11,0x31,0x13,0x11,0x31,0x12,0x11,
0x13,0x31,0x33,0x13,0x33,0x31,0x32,0x31,0x33,0x13,0x23,0x31,0x31,0x33,0x13,0x13,
0x13,0x13,0x13,0x13,0x11,0x31,0x32,0x31,0x33,0x13,0x31,0x31,0x23,0x13,0x13,0x31,
0x31,0x32,0x31,0x32,0x31,0x32,0x31,0x32,0x31,0x31,0x32,0x31,0x11,0x11,0x31,0x25,
0x11,0x61,0x15,0x11,0x11,0x11,0x11,0x11,0x11,0x11,0x11,0x11,0x11,0x11,0x11,0x11,
0x11,0x15,0x11,0x11,0x11,0x16,0x11,0x51,0x16,0x11,0x51,0x21,0x15,0x11,0x61,0x11,
0x61,0x12,0x15,0x11,0x15,0x13,0x11,0x31,0x31,0x31,0x31,0x13,0x13,0x13,0x11,0x31,
0x31,0x11,0x31,0x31,0x31,0x33,0x13,0x13,0x12,0x33,0x13,0x33,0x13,0x31,0x31,0x32,
0x33,0x13,0x23,0x13,0x23,0x31,0x33,0x13,0x23,0x31,0x31,0x33,0x13,0x13,0x13,0x31,
0x33,0x13,0x32,0x13,0x31,0x31,0x31,0x31,0x33,0x13,0x13,0x23,0x13,0x23,0x13,0x11,
0x31,0x11,0x31,0x31,0x61,0x51,0x51,0x61,0x11,0x11,0x11,0x11,0x11,0x11,0x11,0x11,
0x11,0x11,0x11,0x11,0x11,0x56,0x11,0x31,0x11,0x15,0x11,0x11,0x11,0x51,0x11,0x11,
0x61,0x16,0x11,0x61,0x11,0x61,0x11,0x15,0x11,0x11,0x13,0x13,0x13,0x13,0x13,0x31,
0x13,0x13,0x13,0x13,0x11,0x21,0x11,0x12,0x13,0x13,0x23,0x31,0x33,0x11,0x31,0x32,
0x31,0x33,0x13,0x31,0x32,0x31,0x31,0x33,0x13,0x13,0x13,0x13,0x13,0x13,0x31,0x32,
0x31,0x32,0x33,0x13,0x31,0x33,0x13,0x31,0x32,0x33,0x13,0x13,0x13,0x13,0x13,0x13,
0x13,0x13,0x12,0x31,0x11,0x11,0x31,0x31,0x56,0x11,0x61,0x51,0x51,0x11,0x11,0x11,
0x11,0x11,0x11,0x11,0x11,0x11,0x11,0x11,0x11,0x11,0x51,0x12,0x10,0x11,0x16,0x11,
0x61,0x11,0x61,0x51,0x11,0x11,0x51,0x11,0x15,0x11,0x61,0x11,0x61,0x11,0x31,0x11,
0x31,0x13,0x11,0x31,0x31,0x31,0x31,0x31,0x13,0x13,0x21,0x31,0x33,0x23,0x13,0x13,
0x13,0x13,0x33,0x13,0x13,0x13,0x23,0x13,0x13,0x13,0x13,0x31,0x31,0x31,0x33,0x13,
0x31,0x31,0x33,0x31,0x33,0x13,0x12,0x31,0x32,0x31,0x31,0x32,0x31,0x31,0x32,0x31,
0x31,0x32,0x31,0x31,0x32,0x31,0x33,0x11,0x11,0x13,0x12,0x31,0x11,0x51,0x51,0x61,
0x51,0x11,0x11,0x11,0x11,0x11,0x11,0x11,0x11,0x11,0x11,0x11,0x11,0x11,0x65,0x11,
0x11,0x11,0x15,0x15,0x11,0x15,0x11,0x11,0x51,0x61,0x11,0x51,0x51,0x11,0x51,0x11,
0x15,0x13,0x13,0x53,0x13,0x31,0x53,0x11,0x31,0x11,0x31,0x13,0x11,0x11,0x13,0x12,
0x13,0x13,0x31,0x33,0x13,0x33,0x13,0x31,0x33,0x31,0x33,0x13,0x33,0x13,0x31,0x31,
0x33,0x13,0x31,0x31,0x31,0x33,0x13,0x13,0x13,0x13,0x31,0x33,0x13,0x13,0x23,0x31,
0x33,0x13,0x13,0x13,0x23,0x13,0x13,0x23,0x13,0x13,0x11,0x31,0x11,0x11,0x31,0x31,
0x56,0x16,0x15,0x16,0x16,0x56,0x11,0x11,0x11,0x11,0x11,0x11,0x11,0x11,0x11,0x11,
0x11,0x11,0x11,0x01,0x11,0x15,0x11,0x11,0x16,0x11,0x11,0x61,0x11,0x51,0x11,0x11,
0x11,0x61,0x11,0x15,0x11,0x11,0x11,0x12,0x51,0x13,0x11,0x31,0x32,0x53,0x13,0x11,
0x31,0x31,0x21,0x21,0x33,0x31,0x31,0x31,0x33,0x12,0x31,0x32,0x31,0x31,0x31,0x32,
0x31,0x33,0x13,0x23,0x13,0x23,0x13,0x31,0x33,0x23,0x13,0x13,0x31,0x33,0x13,0x21,
0x33,0x13,0x13,0x13,0x31,0x32,0x31,0x32,0x31,0x33,0x13,0x13,0x13,0x13,0x23,0x11,
0x12,0x13,0x12,0x15,0x11,0x51,0x61,0x15,0x11,0x11,0x51,0x11,0x11,0x11,0x11,0x11,
0x11,0x11,0x11,0x11,0x11,0x11,0x11,0x51,0x12,0x11,0x16,0x11,0x51,0x16,0x15,0x11,
0x61,0x11,0x61,0x16,0x11,0x15,0x11,0x61,0x11,0x15,0x21,0x31,0x31,0x31,0x23,0x13,
0x11,0x31,0x13,0x13,0x11,0x12,0x31,0x23,0x13,0x13,0x33,0x13,0x32,0x33,0x13,0x31,
0x31,0x33,0x13,0x31,0x31,0x31,0x33,0x13,0x31,0x33,0x13,0x13,0x13,0x13,0x31,0x33,
0x13,0x31,0x31,0x33,0x31,0x33,0x32,0x31,0x31,0x31,0x33,0x13,0x13,0x21,0x32,0x32,
0x31,0x31,0x32,0x33,0x11,0x11,0x33,0x21,0x56,0x15,0x15,0x61,0x56,0x56,0x15,0x61,
0x11,0x11,0x11,0x11,0x11,0x11,0x11,0x11,0x11,0x11,0x11,0x15,0x51,0x15,0x11,0x11,
0x11,0x11,0x11,0x11,0x51,0x11,0x15,0x11,0x51,0x11,0x61,0x11,0x61,0x11,0x31,0x31,
0x31,0x31,0x31,0x13,0x13,0x13,0x13,0x11,0x31,0x31,0x13,0x11,0x31,0x31,0x31,0x33,
0x13,0x13,0x13,0x13,0x32,0x31,0x33,0x13,0x31,0x33,0x13,0x31,0x33,0x13,0x13,0x23,
0x31,0x31,0x33,0x21,0x32,0x32,0x33,0x13,0x13,0x13,0x13,0x31,0x32,0x33,0x12,0x31,
0x33,0x13,0x13,0x13,0x13,0x23,0x13,0x11,0x11,0x32,0x31,0x31,0x61,0x16,0x16,0x15,
0x61,0x11,0x51,0x15,0x61,0x11,0x11,0x11,0x11,0x11,0x11,0x11,0x11,0x11,0x11,0x11,
0x01,0x11,0x15,0x11,0x61,0x51,0x16,0x11,0x11,0x51,0x11,0x16,0x11,0x61,0x11,0x51,
0x11,0x11,0x13,0x13,0x11,0x31,0x31,0x31,0x31,0x13,0x13,0x13,0x12,0x12,0x21,0x22,
0x33,0x31,0x32,0x31,0x31,0x33,0x23,0x31,0x31,0x33,0x13,0x13,0x13,0x13,0x13,0x13,
0x11,0x31,0x31,0x31,0x31,0x33,0x11,0x33,0x13,0x13,0x13,0x23,0x13,0x23,0x13,0x23,
0x13,0x21,0x33,0x23,0x21,0x31,0x31,0x31,0x31,0x31,0x31,0x31,0x11,0x13,0x21,0x31,
0x56,0x15,0x15,0x61,0x11,0x56,0x15,0x61,0x15,0x11,0x11,0x11,0x11,0x11,0x11,0x11,
0x11,0x11,0x11,0x11,0x15,0x61,0x11,0x15,0x11,0x11,0x15,0x11,0x61,0x16,0x16,0x11,
0x11,0x11,0x51,0x11,0x15,0x13,0x11,0x13,0x13,0x11,0x31,0x51,0x31,0x31,0x31,0x31,
0x11,0x31,0x32,0x32,0x13,0x13,0x31,0x33,0x13,0x31,0x31,0x33,0x13,0x13,0x13,0x32,
0x33,0x23,0x13,0x13,0x33,0x13,0x31,0x31,0x33,0x21,0x33,0x23,0x31,0x31,0x31,0x33,
0x13,0x31,0x33,0x13,0x31,0x33,0x13,0x13,0x13,0x32,0x31,0x32,0x31,0x31,0x31,0x31,
0x11,0x23,0x13,0x16,0x11,0x51,0x61,0x15,0x65,0x21,0x61,0x15,0x61,0x65,0x11,0x11,
0x11,0x11,0x11,0x11,0x11,0x11,0x11,0x11,0x15,0x11,0x61,0x11,0x16,0x11,0x51,0x11,
0x11,0x11,0x15,0x11,0x61,0x51,0x11,0x16,0x11,0x11,0x33,0x13,0x13,0x13,0x13,0x12,
0x51,0x31,0x51,0x11,0x31,0x21,0x21,0x11,0x32,0x31,0x31,0x32,0x31,0x31,0x33,0x13,
0x23,0x33,0x23,0x13,0x13,0x13,0x13,0x33,0x13,0x13,0x13,0x32,0x31,0x33,0x31,0x31,
0x31,0x33,0x33,0x13,0x31,0x31,0x31,0x31,0x31,0x32,0x31,0x33,0x13,0x13,0x13,0x13,
0x23,0x23,0x13,0x21,0x11,0x11,0x32,0x51,0x56,0x16,0x15,0x61,0x16,0x15,0x15,0x61,
0x15,0x11,0x61,0x11,0x11,0x11,0x11,0x11,0x11,0x11,0x11,0x11,0x12,0x51,0x11,0x51,
0x11,0x61,0x16,0x11,0x56,0x15,0x11,0x11,0x51,0x11,0x15,0x11,0x11,0x11,0x11,0x31,
0x31,0x51,0x13,0x13,0x11,0x32,0x13,0x32,0x13,0x12,0x32,0x32,0x13,0x31,0x33,0x31,
0x33,0x13,0x31,0x33,0x13,0x13,0x13,0x31,0x31,0x33,0x31,0x31,0x31,0x33,0x13,0x13,
0x13,0x31,0x31,0x33,0x31,0x31,0x13,0x23,0x13,0x13,0x23,0x13,0x13,0x13,0x13,0x23,
0x13,0x23,0x13,0x23,0x13,0x13,0x13,0x11,0x11,0x31,0x31,0x31,0x61,0x51,0x51,0x15,
0x15,0x16,0x16,0x15,0x61,0x65,0x15,0x61,0x11,0x11,0x11,0x11,0x11,0x11,0x11,0x11,
0x11,0x51,0x15,0x12,0x11,0x11,0x11,0x52,0x11,0x11,0x11,0x61,0x11,0x61,0x61,0x15,
0x11,0x31,0x31,0x31,0x31,0x32,0x31,0x31,0x33,0x11,0x31,0x11,0x31,0x23,0x12,0x21,
0x33,0x13,0x31,0x31,0x32,0x31,0x32,0x31,0x33,0x13,0x31,0x33,0x13,0x31,0x23,0x13,
0x23,0x13,0x13,0x13,0x31,0x31,0x31,0x31,0x32,0x33,0x13,0x13,0x23,0x13,0x13,0x33,
0x23,0x32,0x31,0x31,0x31,0x32,0x31,0x31,0x31,0x32,0x31,0x31,0x11,0x23,0x13,0x61,
0x51,0x61,0x61,0x56,0x16,0x15,0x15,0x61,0x15,0x11,0x61,0x15,0x11,0x11,0x11,0x11,
0x11,0x11,0x11,0x11,0x11,0x10,0x11,0x11,0x15,0x15,0x11,0x11,0x11,0x61,0x15,0x11,
0x11,0x11,0x16,0x11,0x11,0x11,0x13,0x13,0x13,0x11,0x31,0x13,0x11,0x31,0x31,0x31,
0x21,0x12,0x13,0x22,0x13,0x31,0x31,0x33,0x31,0x33,0x13,0x13,0x31,0x31,0x31,0x31,
0x33,0x13,0x31,0x33,0x13,0x31,0x31,0x31,0x31,0x33,0x31,0x31,0x31,0x31,0x33,0x13,
0x31,0x33,0x13,0x11,0x31,0x31,0x31,0x33,0x13,0x13,0x13,0x31,0x32,0x31,0x32,0x11,
0x13,0x13,0x13,0x15,0x16,0x15,0x16,0x11,0x51,0x51,0x61,0x15,0x61,0x65,0x15,0x16,
0x16,0x11,0x11,0x11,0x11,0x11,0x11,0x11,0x11,0x15,0x11,0x61,0x51,0x11,0x16,0x16,
0x11,0x51,0x11,0x15,0x16,0x15,0x11,0x15,0x16,0x13,0x31,0x51,0x21,0x33,0x15,0x31,
0x31,0x31,0x11,0x31,0x23,0x12,0x22,0x13,0x33,0x13,0x23,0x13,0x13,0x31,0x33,0x13,
0x13,0x32,0x32,0x32,0x31,0x31,0x31,0x31,0x31,0x33,0x13,0x31,0x33,0x21,0x32,0x33,
0x23,0x32,0x31,0x31,0x32,0x31,0x32,0x33,0x13,0x23,0x13,0x12,0x32,0x31,0x32,0x13,
0x13,0x13,0x13,0x31,0x11,0x13,0x23,0x16,0x15,0x61,0x51,0x51,0x61,0x61,0x15,0x61,
0x15,0x11,0x61,0x51,0x51,0x51,0x11,0x11,0x11,0x15,0x11,0x11,0x11,0x16,0x51,0x11,
0x11,0x61,0x15,0x11,0x61,0x11,0x16,0x11,0x15,0x11,0x11,0x11,0x13,0x11,0x13,0x13,
0x13,0x11,0x31,0x13,0x11,0x31,0x32,0x13,0x11,0x23,0x13,0x22,0x13,0x13,0x31,0x33,
0x13,0x13,0x31,0x33,0x13,0x13,0x13,0x31,0x33,0x13,0x23,0x13,0x31,0x31,0x31,0x33,
0x13,0x13,0x13,0x13,0x13,0x13,0x13,0x32,0x31,0x31,0x31,0x31,0x33,0x13,0x32,0x33,
0x13,0x13,0x13,0x32,0x31,0x31,0x31,0x11,0x13,0x31,0x31,0x51,0x61,0x51,0x61,0x61,
0x51,0x51,0x51,0x16,0x51,0x61,0x51,0x61,0x61,0x61,0x51,0x11,0x11,0x11,0x15,0x61,
0x11,0x11,0x56,0x51,0x11,0x11,0x61,0x11,0x51,0x16,0x11,0x11,0x11,0x16,0x15,0x11,
0x11,0x13,0x13,0x13,0x13,0x13,0x13,0x13,0x13,0x11,0x31,0x12,0x23,0x12,0x22,0x12,
0x33,0x31,0x33,0x13,0x23,0x13,0x23,0x13,0x31,0x33,0x33,0x13,0x13,0x31,0x33,0x13,
0x13,0x13,0x31,0x31,0x31,0x33,0x31,0x33,0x13,0x32,0x31,0x31,0x33,0x13,0x33,0x23,
0x13,0x13,0x13,0x13,0x13,0x23,0x31,0x31,0x31,0x32,0x33,0x31,0x11,0x12,0x31,0x16,
0x51,0x61,0x51,0x56,0x16,0x16,0x16,0x51,0x61,0x51,0x61,0x51,0x51,0x51,0x61,0x65,
0x61,0x16,0x11,0x51,0x11,0x11,0x15,0x11,0x51,0x61,0x11,0x11,0x11,0x11,0x51,0x51,
0x61,0x11,0x11,0x11,0x13,0x13,0x13,0x11,0x31,0x51,0x31,0x31,0x31,0x32,0x12,0x31,
0x21,0x23,0x12,0x32,0x13,0x13,0x31,0x33,0x13,0x33,0x13,0x13,0x13,0x31,0x13,0x23,
0x13,0x13,0x13,0x32,0x33,0x23,0x13,0x32,0x33,0x13,0x13,0x31,0x33,0x13,0x31,0x31,
0x31,0x33,0x11,0x31,0x32,0x31,0x32,0x31,0x32,0x31,0x23,0x13,0x13,0x13,0x13,0x11,
0x23,0x33,0x15,0x15,0x16,0x51,0x61,0x61,0x51,0x51,0x51,0x16,0x15,0x16,0x51,0x61,
0x61,0x11,0x15,0x11,0x15,0x15,0x16,0x11,0x11,0x11,0x15,0x61,0x11,0x15,0x11,0x61,
0x16,0x11,0x11,0x11,0x11,0x51,0x11,0x10,0x11,0x13,0x11,0x31,0x31,0x31,0x31,0x13,
0x11,0x13,0x13,0x12,0x32,0x12,0x23,0x21,0x31,0x33,0x13,0x13,0x31,0x31,0x33,0x32,
0x31,0x33,0x13,0x13,0x32,0x33,0x13,0x13,0x13,0x13,0x31,0x31,0x31,0x33,0x13,0x13,
0x21,0x31,0x13,0x32,0x33,0x21,0x33,0x32,0x33,0x13,0x13,0x13,0x13,0x13,0x31,0x31,
0x33,0x13,0x23,0x11,0x11,0x12,0x31,0x62,0x51,0x61,0x51,0x51,0x16,0x16,0x10,0x15,
0x12,0x51,0x15,0x15,0x15,0x16,0x11,0x65,0x15,0x61,0x51,0x56,0x51,0x11,0x16,0x51,
0x11,0x11,0x11,0x51,0x11,0x51,0x61,0x25,0x11,0x15,0x16,0x11,0x13,0x13,0x13,0x13,
0x11,0x31,0x13,0x13,0x13,0x21,0x21,0x21,0x12,0x23,0x12,0x22,0x13,0x31,0x33,0x23,
0x13,0x31,0x31,0x31,0x33,0x13,0x33,0x13,0x13,0x13,0x31,0x31,0x33,0x13,0x13,0x31,
0x31,0x31,0x32,0x33,0x13,0x32,0x33,0x13,0x13,0x13,0x31,0x13,0x13,0x23,0x13,0x23,
0x31,0x31,0x31,0x33,0x12,0x31,0x31,0x11,0x33,0x13,0x31,0x51,0x16,0x51,0x65,0x16,
0x51,0x51,0x56,0x16,0x15,0x61,0x56,0x16,0x16,0x15,0x16,0x51,0x61,0x16,0x16,0x11,
0x11,0x11,0x11,0x56,0x15,0x11,0x16,0x11,0x15,0x11,0x11,0x11,0x16,0x11,0x11,0x13,
0x11,0x31,0x31,0x13,0x13,0x13,0x13,0x11,0x21,0x13,0x12,0x31,0x32,0x31,0x23,0x13,
0x31,0x31,0x31,0x31,0x31,0x23,0x31,0x33,0x12,0x31,0x31,0x33,0x13,0x31,0x31,0x33,
0x31,0x33,0x23,0x13,0x23,0x31,0x31,0x31,0x33,0x13,0x31,0x31,0x31,0x33,0x13,0x32,
0x31,0x32,0x31,0x32,0x13,0x23,0x23,0x12,0x31,0x31,0x33,0x11,0x11,0x33,0x16,0x15,
0x61,0x51,0x61,0x51,0x16,0x16,0x15,0x15,0x61,0x16,0x16,0x15,0x15,0x61,0x51,0x16,
0x15,0x15,0x15,0x65,0x65,0x11,0x11,0x55,0x11,0x15,0x11,0x16,0x11,0x11,0x15,0x16,
0x11,0x61,0x11,0x51,0x13,0x11,0x13,0x13,0x13,0x13,0x13,0x13,0x13,0x21,0x31,0x22,
0x21,0x22,0x22,0x22,0x13,0x31,0x33,0x33,0x13,0x31,0x33,0x13,0x33,0x13,0x13,0x31,
0x32,0x13,0x32,0x31,0x13,0x31,0x31,0x33,0x13,0x13,0x31,0x31,0x31,0x31,0x32,0x33,
0x32,0x31,0x32,0x31,0x32,0x31,0x33,0x13,0x32,0x31,0x31,0x33,0x13,0x13,0x31,0x13,
0x13,0x13,0x15,0x61,0x15,0x61,0x51,0x61,0x01,0x51,0x51,0x61,0x15,0x61,0x51,0x52,
0x16,0x11,0x61,0x51,0x52,0x61,0x61,0x15,0x11,0x11,0x11,0x10,0x11,0x61,0x11,0x11,
0x11,0x61,0x11,0x11,0x15,0x11,0x51,0x12,0x31,0x31,0x31,0x31,0x13,0x11,0x11,0x21,
0x12,0x11,0x21,0x31,0x32,0x23,0x23,0x22,0x31,0x33,0x31,0x13,0x31,0x33,0x13,0x13,
0x13,0x23,0x31,0x31,0x33,0x31,0x31,0x33,0x23,0x13,0x13,0x13,0x31,0x31,0x33,0x31,
0x33,0x13,0x31,0x31,0x31,0x33,0x13,0x13,0x13,0x13,0x12,0x31,0x31,0x33,0x13,0x13,
0x13,0x32,0x13,0x11,0x13,0x23,0x15,0x15,0x61,0x51,0x61,0x51,0x61,0x56,0x16,0x15,
0x61,0x56,0x16,0x16,0x15,0x15,0x16,0x16,0x15,0x15,0x15,0x61,0x60,0x11,0x51,0x16,
0x51,0x11,0x11,0x51,0x15,0x11,0x61,0x51,0x11,0x11,0x11,0x31,0x13,0x11,0x31,0x13,
0x13,0x13,0x13,0x13,0x13,0x21,0x31,0x22,0x12,0x12,0x21,0x32,0x31,0x31,0x23,0x31,
0x32,0x31,0x32,0x33,0x13,0x31,0x32,0x33,0x13,0x13,0x23,0x13,0x13,0x31,0x33,0x13,
0x13,0x31,0x31,0x33,0x13,0x13,0x13,0x31,0x33,0x12,0x33,0x13,0x31,0x33,0x13,0x31,
0x33,0x13,0x13,0x23,0x31,0x33,0x31,0x13,0x13,0x13,0x61,0x65,0x15,0x61,0x51,0x61,
0x51,0x61,0x51,0x51,0x65,0x11,0x51,0x51,0x51,0x61,0x65,0x11,0x51,0x61,0x65,0x15,
0x15,0x11,0x11,0x11,0x51,0x11,0x61,0x11,0x11,0x15,0x11,0x11,0x51,0x11,0x23,0x11,
0x31,0x31,0x13,0x11,0x11,0x13,0x12,0x12,0x11,0x13,0x12,0x31,0x32,0x32,0x32,0x21,
0x33,0x13,0x31,0x33,0x13,0x33,0x13,0x32,0x31,0x31,0x31,0x32,0x31,0x33,0x13,0x13,
0x31,0x33,0x13,0x13,0x13,0x13,0x31,0x31,0x32,0x31,0x32,0x13,0x31,0x33,0x13,0x13,
0x23,0x13,0x13,0x23,0x13,0x13,0x23,0x13,0x13,0x21,0x31,0x11,0x31,0x33,0x15,0x16,
0x61,0x51,0x61,0x51,0x61,0x56,0x16,0x25,0x12,0x56,0x16,0x16,0x16,0x15,0x11,0x56,
0x16,0x15,0x16,0x16,0x16,0x01,0x11,0x11,0x01,0x51,0x11,0x61,0x51,0x11,0x11,0x61,
0x11,0x13,0x11,0x32,0x12,0x13,0x13,0x13,0x23,0x12,0x13,0x11,0x32,0x21,0x31,0x22,
0x12,0x12,0x13,0x22,0x31,0x33,0x13,0x13,0x31,0x31,0x31,0x31,0x33,0x33,0x13,0x13,
0x31,0x31,0x33,0x13,0x13,0x11,0x31,0x33,0x13,0x13,0x13,0x23,0x31,0x33,0x23,0x31,
0x23,0x13,0x23,0x31,0x31,0x32,0x31,0x31,0x33,0x23,0x13,0x31,0x33,0x13,0x11,0x31,
0x31,0x31,0x61,0x51,0x51,0x61,0x56,0x15,0x15,0x21,0x51,0x51,0x65,0x11,0x51,0x51,
0x51,0x61,0x65,0x11,0x51,0x51,0x65,0x15,0x15,0x16,0x11,0x11,0x51,0x11,0x11,0x11,
0x11,0x61,0x15,0x11,0x11,0x31,0x12,0x11,0x31,0x31,0x21,0x21,0x11,0x23,0x12,0x13,
0x11,0x12,0x22,0x31,0x23,0x22,0x22,0x23,0x13,0x13,0x13,0x31,0x31,0x32,0x33,0x31,
0x31,0x31,0x33,0x31,0x33,0x13,0x31,0x33,0x13,0x31,0x33,0x13,0x13,0x13,0x31,0x31,
0x33,0x13,0x13,0x13,0x33,0x13,0x13,0x23,0x13,0x13,0x31,0x32,0x31,0x31,0x31,0x32,
0x31,0x33,0x11,0x13,0x13,0x31,0x56,0x15,0x61,0x56,0x11,0x52,0x56,0x16,0x51,0x65,
0x11,0x56,0x16,0x16,0x15,0x15,0x16,0x16,0x16,0x15,0x16,0x16,0x16,0x51,0x51,0x11,
0x50,0x11,0x11,0x51,0x11,0x11,0x11,0x11,0x51,0x11,0x31,0x31,0x31,0x23,0x13,0x13,
0x13,0x11,0x31,0x21,0x21,0x31,0x21,0x23,0x22,0x13,0x13,0x22,0x33,0x13,0x33,0x13,
0x13,0x31,0x31,0x23,0x31,0x32,0x31,0x31,0x31,0x31,0x31,0x31,0x31,0x33,0x13,0x13,
0x31,0x31,0x33,0x13,0x13,0x13,0x31,0x33,0x12,0x33,0x13,0x13,0x31,0x32,0x13,0x31,
0x31,0x33,0x13,0x31,0x32,0x31,0x13,0x11,0x33,0x10,0x16,0x56,0x15,0x61,0x56,0x16,
0x11,0x56,0x16,0x16,0x56,0x16,0x51,0x56,0x16,0x11,0x65,0x15,0x16,0x16,0x15,0x56,
0x51,0x16,0x11,0x11,0x65,0x11,0x52,0x11,0x61,0x51,0x16,0x15,0x11,0x31,0x11,0x21,
0x21,0x31,0x21,0x31,0x21,0x22,0x21,0x31,0x23,0x12,0x31,0x21,0x23,0x12,0x22,0x23,
0x31,0x33,0x13,0x13,0x33,0x13,0x33,0x33,0x13,0x31,0x31,0x33,0x23,0x33,0x13,0x31,
0x33,0x11,0x31,0x31,0x31,0x33,0x13,0x31,0x32,0x31,0x31,0x31,0x33,0x12,0x31,0x31,
0x33,0x13,0x31,0x32,0x33,0x12,0x31,0x33,0x13,0x13,0x13,0x13,0x22,0x31,0x51,0x15,
0x61,0x51,0x61,0x56,0x51,0x61,0x51,0x51,0x11,0x51,0x16,0x15,0x15,0x65,0x16,0x16,
0x16,0x51,0x56,0x11,0x10,0x15,0x65,0x11,0x16,0x51,0x11,0x51,0x11,0x11,0x51,0x11,
0x11,0x13,0x13,0x11,0x31,0x21,0x32,0x12,0x13,0x13,0x12,0x13,0x11,0x21,0x13,0x23,
0x12,0x22,0x32,0x12,0x31,0x31,0x31,0x33,0x12,0x31,0x31,0x31,0x33,0x13,0x33,0x13,
0x13,0x13,0x31,0x31,0x31,0x33,0x13,0x13,0x13,0x13,0x13,0x13,0x31,0x33,0x32,0x31,
0x31,0x33,0x13,0x31,0x32,0x33,0x13,0x13,0x13,0x33,0x13,0x13,0x13,0x31,0x11,0x31,
0x33,0x15,0x66,0x51,0x65,0x61,0x51,0x61,0x56,0x51,0x65,0x65,0x65,0x61,0x56,0x16,
0x15,0x11,0x15,0x15,0x65,0x16,0x11,0x56,0x56,0x16,0x51,0x11,0x15,0x51,0x11,0x11,
0x51,0x16,0x11,0x15,0x15,0x21,0x11,0x13,0x11,0x31,0x21,0x31,0x31,0x21,0x23,0x12,
0x12,0x31,0x22,0x12,0x22,0x31,0x21,0x32,0x33,0x31,0x33,0x13,0x31,0x33,0x13,0x13,
0x13,0x13,0x13,0x31,0x33,0x13,0x13,0x13,0x31,0x31,0x33,0x13,0x13,0x32,0x31,0x31,
0x31,0x32,0x13,0x13,0x33,0x13,0x31,0x32,0x31,0x31,0x32,0x31,0x31,0x31,0x32,0x33,
0x13,0x13,0x13,0x13,0x13,0x61,0x51,0x65,0x15,0x16,0x51,0x56,0x11,0x15,0x16,0x11,
0x61,0x56,0x15,0x15,0x61,0x65,0x61,0x61,0x16,0x11,0x56,0x15,0x11,0x56,0x16,0x51,
0x16,0x01,0x16,0x11,0x15,0x11,0x15,0x11,0x11,0x15,0x13,0x11,0x11,0x11,0x31,0x12,
0x12,0x13,0x11,0x21,0x31,0x13,0x13,0x13,0x12,0x13,0x22,0x22,0x13,0x13,0x31,0x31,
0x33,0x31,0x33,0x31,0x33,0x31,0x31,0x33,0x13,0x31,0x33,0x13,0x13,0x13,0x13,0x13,
0x31,0x13,0x13,0x32,0x33,0x13,0x33,0x13,0x13,0x13,0x13,0x13,0x31,0x33,0x23,0x33,
0x13,0x31,0x33,0x13,0x23,0x31,0x31,0x13,0x31,0x51,0x61,0x52,0x61,0x51,0x61,0x61,
0x56,0x56,0x15,0x65,0x15,0x21,0x56,0x16,0x15,0x11,0x65,0x15,0x61,0x56,0x11,0x56,
0x65,0x16,0x51,0x11,0x15,0x51,0x15,0x11,0x11,0x15,0x11,0x15,0x21,0x51,0x11,0x13,
0x13,0x12,0x11,0x31,0x21,0x31,0x22,0x31,0x22,0x21,0x22,0x21,0x23,0x22,0x13,0x23,
0x31,0x31,0x32,0x33,0x31,0x31,0x31,0x23,0x13,0x13,0x33,0x13,0x31,0x23,0x13,0x13,
0x13,0x13,0x13,0x13,0x13,0x33,0x31,0x31,0x31,0x31,0x31,0x33,0x23,0x13,0x13,0x13,
0x23,0x13,0x13,0x12,0x31,0x23,0x13,0x23,0x13,0x11,0x11,0x31,0x33,0x15,0x65,0x61,
0x56,0x61,0x51,0x51,0x51,0x61,0x56,0x15,0x61,0x56,0x16,0x15,0x61,0x65,0x16,0x16,
0x15,0x16,0x51,0x61,0x51,0x61,0x56,0x56,0x11,0x51,0x11,0x15,0x13,0x11,0x13,0x11,
0x51,0x13,0x13,0x11,0x11,0x13,0x11,0x13,0x11,0x21,0x31,0x21,0x13,0x21,0x21,0x23,
0x21,0x13,0x22,0x12,0x33,0x31,0x33,0x11,0x31,0x33,0x23,0x33,0x13,0x23,0x12,0x31,
0x33,0x31,0x31,0x31,0x33,0x13,0x31,0x31,0x31,0x13,0x13,0x31,0x33,0x31,0x32,0x31,
0x31,0x33,0x32,0x31,0x31,0x33,0x13,0x13,0x33,0x31,0x33,0x13,0x33,0x13,0x31,0x33,
0x21,0x65,0x16,0x15,0x61,0x51,0x65,0x66,0x15,0x15,0x61,0x56,0x15,0x61,0x51,0x56,
0x15,0x16,0x15,0x56,0x51,0x65,0x16,0x51,0x65,0x15,0x21,0x11,0x15,0x06,0x13,0x11,
0x11,0x15,0x11,0x11,0x11,0x51,0x11,0x31,0x31,0x11,0x13,0x11,0x12,0x11,0x12,0x13,
0x21,0x13,0x13,0x12,0x12,0x21,0x21,0x32,0x13,0x13,0x31,0x33,0x33,0x13,0x31,0x31,
0x33,0x13,0x31,0x33,0x21,0x33,0x13,0x13,0x13,0x13,0x13,0x31,0x33,0x13,0x13,0x23,
0x12,0x13,0x31,0x31,0x33,0x13,0x13,0x13,0x32,0x31,0x32,0x33,0x11,0x33,0x13,0x13,
0x13,0x11,0x32,0x13,0x35,0x61,0x65,0x16,0x51,0x65,0x16,0x15,0x61,0x61,0x56,0x15,
0x61,0x51,0x66,0x15,0x16,0x15,0x61,0x61,0x15,0x12,0x51,0x15,0x61,0x61,0x56,0x55,
0x61,0x55,0x11,0x31,0x15,0x12,0x51,0x51,0x31,0x11,0x31,0x11,0x13,0x13,0x11,0x11,
0x13,0x12,0x13,0x11,0x31,0x21,0x21,0x32,0x21,0x31,0x32,0x12,0x31,0x31,0x33,0x31,
0x23,0x13,0x13,0x31,0x31,0x33,0x13,0x13,0x13,0x13,0x13,0x31,0x31,0x31,0x31,0x31,
0x31,0x33,0x13,0x13,0x33,0x31,0x33,0x32,0x31,0x32,0x33,0x13,0x13,0x13,0x31,0x31,
0x33,0x13,0x23,0x31,0x31,0x13,0x11,0x33,0x11,0x65,0x16,0x51,0x65,0x16,0x51,0x56,
0x15,0x65,0x21,0x56,0x15,0x66,0x51,0x56,0x65,0x15,0x10,0x15,0x61,0x65,0x16,0x51,
0x15,0x65,0x16,0x16,0x11,0x01,0x15,0x11,0x51,0x11,0x11,0x11,0x51,0x51,0x15,0x21,
0x51,0x11,0x13,0x13,0x11,0x11,0x11,0x21,0x21,0x13,0x12,0x11,0x31,0x22,0x21,0x32,
0x13,0x31,0x31,0x13,0x31,0x33,0x31,0x33,0x13,0x31,0x33,0x31,0x33,0x31,0x31,0x13,
0x13,0x13,0x13,0x13,0x31,0x31,0x33,0x13,0x13,0x13,0x13,0x13,0x31,0x31,0x31,0x33,
0x13,0x31,0x31,0x33,0x23,0x13,0x31,0x32,0x33,0x11,0x31,0x33,0x15,0x16,0x51,0x65,
0x16,0x51,0x66,0x15,0x61,0x16,0x56,0x15,0x61,0x51,0x56,0x11,0x51,0x66,0x16,0x56,
0x10,0x11,0x61,0x16,0x56,0x16,0x51,0x51,0x51,0x65,0x12,0x11,0x11,0x15,0x11,0x31,
0x11,0x25,0x11,0x31,0x21,0x13,0x11,0x11,0x11,0x31,0x13,0x11,0x13,0x12,0x12,0x31,
0x21,0x31,0x22,0x12,0x33,0x13,0x31,0x33,0x13,0x31,0x31,0x31,0x33,0x13,0x13,0x13,
0x13,0x13,0x33,0x13,0x13,0x52,0x31,0x31,0x31,0x31,0x31,0x33,0x13,0x31,0x32,0x31,
0x33,0x13,0x31,0x31,0x32,0x31,0x33,0x13,0x13,0x32,0x13,0x13,0x11,0x33,0x13,0x23,
0x15,0x65,0x16,0x51,0x65,0x16,0x51,0x51,0x65,0x65,0x16,0x56,0x16,0x16,0x16,0x56,
0x10,0x15,0x15,0x16,0x51,0x65,0x51,0x01,0x16,0x51,0x61,0x65,0x16,0x55,0x11,0x31,
0x51,0x31,0x15,0x11,0x51,0x11,0x13,0x11,0x31,0x31,0x11,0x15,0x11,0x11,0x11,0x13,
0x11,0x12,0x13,0x12,0x12,0x12,0x13,0x21,0x13,0x13,0x13,0x31,0x31,0x31,0x31,0x33,
0x13,0x13,0x31,0x33,0x13,0x13,0x13,0x13,0x31,0x31,0x31,0x31,0x31,0x31,0x31,0x31,
0x31,0x32,0x31,0x33,0x13,0x31,0x32,0x33,0x31,0x32,0x31,0x33,0x23,0x13,0x33,0x33,
0x31,0x11,0x13,0x32,0x56,0x16,0x51,0x65,0x16,0x51,0x01,0x65,0x15,0x16,0x15,0x16,
0x51,0x56,0x51,0x15,0x61,0x61,0x66,0x51,0x56,0x11,0x61,0x56,0x51,0x15,0x65,0x12,
0x56,0x10,0x11,0x51,0x11,0x11,0x11,0x51,0x11,0x35,0x21,0x51,0x11,0x11,0x13,0x11,
0x11,0x11,0x12,0x11,0x21,0x13,0x11,0x31,0x21,0x31,0x21,0x32,0x31,0x33,0x13,0x13,
0x31,0x33,0x31,0x31,0x33,0x13,0x13,0x31,0x33,0x13,0x13,0x13,0x13,0x13,0x52,0x31,
0x31,0x33,0x13,0x13,0x31,0x31,0x33,0x13,0x23,0x13,0x13,0x12,0x33,0x13,0x31,0x31,
0x31,0x33,0x12,0x31,0x11,0x33,0x33,0x15,0x16,0x51,0x65,0x16,0x51,0x65,0x61,0x51,
0x66,0x15,0x66,0x15,0x16,0x51,0x61,0x01,0x65,0x65,0x15,0x16,0x16,0x56,0x56,0x15,
0x61,0x01,0x15,0x65,0x11,0x50,0x11,0x11,0x51,0x15,0x15,0x12,0x51,0x11,0x11,0x12,
0x31,0x51,0x31,0x13,0x11,0x51,0x31,0x11,0x13,0x11,0x12,0x11,0x31,0x11,0x21,0x21,
0x13,0x11,0x31,0x33,0x13,0x31,0x13,0x33,0x13,0x13,0x31,0x31,0x31,0x31,0x33,0x13,
0x13,0x13,0x13,0x13,0x13,0x13,0x13,0x31,0x31,0x33,0x13,0x31,0x31,0x32,0x33,0x33,
0x13,0x13,0x13,0x23,0x31,0x31,0x33,0x13,0x13,0x11,0x13,0x36,0x51,0x65,0x16,0x51,
0x65,0x61,0x51,0x65,0x15,0x65,0x15,0x66,0x51,0x61,0x56,0x15,0x61,0x51,0x66,0x15,
0x65,0x16,0x15,0x61,0x51,0x65,0x61,0x61,0x01,0x65,0x51,0x31,0x13,0x11,0x11,0x15,
0x11,0x31,0x31,0x31,0x11,0x11,0x11,0x11,0x11,0x11,0x11,0x25,0x11,0x11,0x13,0x11,
0x12,0x12,0x13,0x12,0x31,0x33,0x13,0x13,0x31,0x31,0x33,0x13,0x13,0x31,0x31,0x33,
0x13,0x13,0x13,0x13,0x13,0x13,0x13,0x13,0x31,0x31,0x31,0x31,0x32,0x31,0x31,0x31,
0x33,0x23,0x13,0x13,0x13,0x32,0x33,0x13,0x13,0x13,0x13,0x31,0x13,0x13,0x33,0x11,
0x65,0x15,0x65,0x16,0x51,0x65,0x66,0x51,0x66,0x16,0x15,0x15,0x16,0x51,0x65,0x61,
0x15,0x61,0x51,0x56,0x15,0x65,0x16,0x15,0x61,0x51,0x65,0x15,0x16,0x51,0x61,0x11,
0x11,0x15,0x11,0x13,0x15,0x11,0x51,0x11,0x31,0x31,0x51,0x31,0x15,0x11,0x15,0x11,
0x11,0x31,0x11,0x13,0x11,0x31,0x11,0x21,0x13,0x11,0x31,0x31,0x31,0x33,0x13,0x31,
0x31,0x31,0x33,0x13,0x31,0x33,0x13,0x13,0x31,0x31,0x31,0x31,0x13,0x31,0x33,0x13,
0x13,0x13,0x31,0x33,0x13,0x13,0x23,0x13,0x31,0x33,0x13,0x13,0x23,0x33,0x31,0x33,
0x13,0x13,0x13,0x65,0x15,0x61,0x61,0x01,0x65,0x11,0x51,0x65,0x16,0x51,0x56,0x16,
0x51,0x65,0x16,0x15,0x61,0x56,0x25,0x61,0x51,0x61,0x65,0x61,0x56,0x65,0x16,0x16,
0x51,0x65,0x51,0x15,0x15,0x11,0x25,0x11,0x11,0x13,0x11,0x31,0x11,0x11,0x21,0x11,
0x11,0x21,0x11,0x12,0x11,0x13,0x12,0x11,0x11,0x11,0x13,0x11,0x31,0x33,0x13,0x11,
0x31,0x31,0x31,0x33,0x13,0x31,0x31,0x31,0x31,0x31,0x31,0x31,0x31,0x33,0x13,0x31,
0x31,0x31,0x31,0x33,0x13,0x31,0x32,0x31,0x32,0x33,0x13,0x13,0x13,0x13,0x23,0x33,
0x13,0x12,0x13,0x11,0x13,0x13,0x31,0x51,0x66,0x15,0x65,0x16,0x51,0x65,0x61,0x56,
0x15,0x16,0x16,0x56,0x16,0x51,0x65,0x16,0x51,0x61,0x51,0x65,0x16,0x51,0x51,0x51,
0x61,0x51,0x65,0x15,0x61,0x55,0x21,0x31,0x11,0x15,0x11,0x15,0x10,0x11,0x13,0x11,
0x51,0x31,0x13,0x15,0x11,0x11,0x11,0x31,0x51,0x11,0x15,0x12,0x11,0x51,0x11,0x13,
0x13,0x11,0x31,0x33,0x13,0x13,0x13,0x11,0x33,0x13,0x31,0x31,0x33,0x13,0x13,0x31,
0x31,0x31,0x31,0x31,0x33,0x13,0x13,0x13,0x13,0x13,0x13,0x13,0x13,0x31,0x33,0x32,
0x33,0x23,0x13,0x13,0x31,0x33,0x33,0x31,0x31,0x32,0x31,0x65,0x15,0x65,0x16,0x51,
0x65,0x61,0x56,0x15,0x66,0x10,0x15,0x61,0x51,0x25,0x16,0x56,0x16,0x56,0x65,0x11,
0x65,0x16,0x56,0x16,0x51,0x66,0x15,0x65,0x16,0x25,0x51,0x11,0x31,0x11,0x13,0x12,
0x11,0x15,0x11,0x51,0x21,0x15,0x11,0x12,0x11,0x11,0x31,0x11,0x11,0x13,0x11,0x11,
0x31,0x11,0x11,0x11,0x31,0x33,0x13,0x11,0x31,0x31,0x31,0x33,0x13,0x31,0x33,0x31,
0x31,0x33,0x13,0x13,0x13,0x13,0x13,0x13,0x13,0x13,0x31,0x31,0x33,0x32,0x31,0x33,
0x23,0x13,0x13,0x13,0x13,0x13,0x31,0x31,0x32,0x31,0x31,0x11,0x31,0x33,0x36,0x51,
0x65,0x16,0x15,0x61,0x51,0x65,0x61,0x52,0x51,0x56,0x16,0x15,0x66,0x51,0x61,0x51,
0x56,0x15,0x16,0x56,0x51,0x65,0x11,0x56,0x16,0x51,0x56,0x16,0x15,0x65,0x61,0x15,
0x11,0x31,0x51,0x15,0x13,0x12,0x13,0x11,0x31,0x12,0x15,0x11,0x13,0x11,0x11,0x13,
0x16,0x11,0x13,0x15,0x11,0x13,0x11,0x31,0x13,0x11,0x31,0x31,0x31,0x31,0x31,0x31,
0x31,0x31,0x31,0x13,0x31,0x31,0x33,0x13,0x13,0x31,0x33,0x13,0x31,0x31,0x31,0x33,
0x13,0x13,0x13,0x31,0x31,0x32,0x31,0x33,0x23,0x31,0x32,0x33,0x13,0x13,0x31,0x31,
0x31,0x32,0x56,0x10,0x16,0x15,0x61,0x51,0x65,0x61,0x51,0x61,0x56,0x15,0x15,0x61,
0x51,0x16,0x56,0x16,0x15,0x61,0x51,0x61,0x65,0x16,0x56,0x51,0x56,0x15,0x61,0x56,
0x51,0x15,0x53,0x11,0x51,0x11,0x11,0x13,0x16,0x15,0x11,0x31,0x11,0x31,0x21,0x13,
0x11,0x11,0x52,0x11,0x11,0x51,0x11,0x11,0x11,0x11,0x11,0x11,0x31,0x33,0x13,0x13,
0x13,0x13,0x13,0x13,0x13,0x13,0x31,0x33,0x13,0x31,0x31,0x33,0x13,0x13,0x13,0x13,
0x13,0x31,0x33,0x13,0x23,0x13,0x31,0x13,0x31,0x33,0x13,0x23,0x13,0x13,0x31,0x31,
0x33,0x31,0x13,0x11,0x33,0x31,0x51,0x56,0x56,0x56,0x15,0x66,0x51,0x15,0x66,0x56,
0x16,0x56,0x61,0x51,0x65,0x65,0x16,0x56,0x51,0x65,0x16,0x51,0x51,0x61,0x16,0x16,
0x51,0x56,0x15,0x16,0x16,0x56,0x51,0x11,0x21,0x51,0x01,0x51,0x15,0x12,0x11,0x11,
0x31,0x11,0x51,0x11,0x11,0x11,0x11,0x31,0x21,0x21,0x25,0x12,0x15,0x11,0x15,0x11,
0x13,0x11,0x31,0x31,0x31,0x31,0x31,0x31,0x31,0x31,0x13,0x31,0x31,0x31,0x33,0x13,
0x13,0x13,0x31,0x33,0x13,0x13,0x13,0x31,0x31,0x33,0x13,0x33,0x13,0x31,0x33,0x13,
0x13,0x31,0x31,0x33,0x13,0x13,0x31,0x31,0x31,0x32,0x56,0x15,0x16,0x15,0x61,0x51,
0x65,0x61,0x56,0x11,0x56,0x11,0x51,0x65,0x61,0x61,0x61,0x51,0x65,0x16,0x56,0x16,
0x25,0x65,0x15,0x65,0x16,0x10,0x16,0x15,0x65,0x10,0x13,0x15,0x11,0x31,0x11,0x13,
0x12,0x11,0x31,0x31,0x11,0x31,0x11,0x31,0x11,0x11,0x21,0x12,0x15,0x11,0x11,0x51,
0x11,0x11,0x11,0x11,0x31,0x33,0x13,0x13,0x13,0x13,0x13,0x13,0x13,0x13,0x31,0x13,
0x31,0x31,0x31,0x33,0x31,0x33,0x13,0x13,0x31,0x33,0x13,0x13,0x13,0x13,0x13,0x13,
0x13,0x13,0x23,0x31,0x32,0x31,0x33,0x21,0x32,0x31,0x13,0x13,0x13,0x31,0x61,0x56,
0x15,0x61,0x56,0x15,0x16,0x15,0x61,0x55,0x61,0x56,0x56,0x51,0x15,0x65,0x15,0x61,
0x51,0x65,0x11,0x55,0x16,0x15,0x61,0x61,0x65,0x16,0x56,0x51,0x15,0x15,0x61,0x11,
0x15,0x11,0x01,0x51,0x13,0x13,0x11,0x16,0x52,0x11,0x31,0x11,0x15,0x11,0x13,0x15,
0x12,0x11,0x31,0x11,0x11,0x11,0x11,0x11,0x13,0x11,0x31,0x31,0x31,0x31,0x31,0x31,
0x31,0x31,0x13,0x31,0x33,0x13,0x31,0x31,0x31,0x31,0x31,0x31,0x31,0x31,0x31,0x32,
0x33,0x31,0x32,0x31,0x33,0x13,0x13,0x13,0x33,0x23,0x13,0x31,0x33,0x13,0x31,0x11,
0x33,0x25,0x51,0x65,0x61,0x56,0x15,0x66,0x15,0x61,0x56,0x16,0x16,0x51,0x61,0x65,
0x65,0x12,0x56,0x15,0x61,0x61,0x56,0x61,0x65,0x61,0x56,0x55,0x16,0x51,0x51,0x15,
0x61,0x65,0x51,0x13,0x12,0x51,0x12,0x16,0x11,0x12,0x12,0x31,0x11,0x31,0x11,0x11,
0x11,0x31,0x11,0x22,0x11,0x61,0x11,0x21,0x11,0x51,0x15,0x11,0x31,0x33,0x13,0x13,
0x13,0x13,0x13,0x13,0x13,0x13,0x31,0x13,0x11,0x33,0x13,0x13,0x13,0x31,0x33,0x13,
0x33,0x13,0x32,0x31,0x31,0x33,0x13,0x13,0x23,0x32,0x31,0x33,0x11,0x33,0x23,0x13,
0x31,0x31,0x13,0x33,0x32,0x56,0x16,0x51,0x56,0x15,0x61,0x51,0x56,0x15,0x21,0x56,
0x51,0x61,0x56,0x51,0x61,0x65,0x16,0x56,0x15,0x61,0x65,0x15,0x61,0x51,0x61,0x16,
0x51,0x66,0x16,0x56,0x15,0x65,0x21,0x31,0x11,0x13,0x15,0x13,0x13,0x21,0x01,0x12,
0x31,0x21,0x31,0x11,0x11,0x11,0x61,0x31,0x13,0x11,0x16,0x51,0x11,0x11,0x11,0x11,
0x13,0x11,0x31,0x31,0x31,0x31,0x31,0x31,0x31,0x31,0x13,0x31,0x33,0x13,0x13,0x31,
0x33,0x13,0x13,0x31,0x21,0x31,0x31,0x33,0x13,0x21,0x33,0x31,0x31,0x31,0x32,0x31,
0x33,0x31,0x33,0x13,0x13,0x13,0x11,0x31,0x33,0x15,0x65,0x66,0x15,0x61,0x56,0x61,
0x65,0x16,0x56,0x56,0x15,0x65,0x61,0x15,0x65,0x16,0x16,0x15,0x61,0x56,0x51,0x61,
0x56,0x16,0x56,0x51,0x65,0x15,0x51,0x61,0x56,0x10,0x51,0x11,0x15,0x11,0x12,0x11,
0x11,0x32,0x12,0x31,0x13,0x11,0x11,0x13,0x11,0x11,0x12,0x11,0x61,0x13,0x11,0x12,
0x51,0x11,0x11,0x11,0x31,0x33,0x13,0x13,0x13,0x13,0x13,0x13,0x13,0x13,0x31,0x13,
0x11,0x31,0x31,0x31,0x31,0x33,0x13,0x13,0x33,0x13,0x31,0x31,0x31,0x33,0x11,0x31,
0x31,0x33,0x13,0x13,0x31,0x13,0x13,0x13,0x31,0x31,0x31,0x33,0x21,0x56,0x11,0x51,
0x56,0x56,0x15,0x15,0x61,0x56,0x11,0x61,0x56,0x15,0x15,0x66,0x15,0x65,0x65,0x16,
0x15,0x61,0x56,0x51,0x65,0x65,0x15,0x61,0x51,0x65,0x26,0x51,0x61,0x55,0x21,0x51,
0x31,0x15,0x13,0x10,0x12,0x12,0x31,0x22,0x21,0x23,0x12,0x11,0x11,0x13,0x12,0x12,
0x11,0x11,0x12,0x11,0x11,0x13,0x11,0x11,0x13,0x11,0x31,0x31,0x31,0x31,0x31,0x31,
0x31,0x31,0x13,0x31,0x33,0x13,0x13,0x13,0x13,0x13,0x13,0x13,0x13,0x31,0x33,0x13,
0x13,0x13,0x31,0x33,0x23,0x13,0x13,0x23,0x13,0x33,0x13,0x23,0x13,0x13,0x12,0x33,
0x56,0x15,0x65,0x60,0x16,0x15,0x65,0x61,0x56,0x16,0x51,0x56,0x15,0x61,0x66,0x15,
0x16,0x11,0x51,0x65,0x61,0x56,0x11,0x65,0x61,0x51,0x61,0x51,0x65,0x16,0x51,0x65,
0x51,0x65,0x31,0x11,0x15,0x11,0x11,0x12,0x13,0x21,0x21,0x21,0x22,0x11,0x01,0x11,
0x51,0x11,0x11,0x01,0x12,0x16,0x11,0x31,0x11,0x11,0x11,0x11,0x31,0x33,0x13,0x13,
0x13,0x13,0x13,0x13,0x13,0x13,0x31,0x13,0x11,0x31,0x31,0x31,0x31,0x31,0x31,0x31,
0x31,0x31,0x31,0x31,0x33,0x13,0x13,0x21,0x31,0x33,0x13,0x31,0x33,0x13,0x13,0x13,
0x13,0x13,0x13,0x31,0x31,0x56,0x16,0x51,0x56,0x52,0x16,0x15,0x61,0x56,0x10,0x61,
0x56,0x15,0x51,0x56,0x15,0x66,0x16,0x51,0x65,0x16,0x56,0x51,0x15,0x61,0x56,0x65,
0x61,0x56,0x15,0x16,0x16,0x51,0x61,0x13,0x11,0x23,0x15,0x15,0x12,0x13,0x22,0x31,
0x31,0x22,0x11,0x12,0x11,0x21,0x62,0x11,0x31,0x11,0x15,0x11,0x11,0x11,0x15,0x11,
0x31,0x13,0x13,0x11,0x31,0x31,0x31,0x31,0x31,0x31,0x13,0x31,0x31,0x31,0x31,0x31,
0x33,0x13,0x13,0x31,0x31,0x32,0x31,0x31,0x31,0x32,0x31,0x33,0x31,0x31,0x33,0x13,
0x13,0x23,0x31,0x33,0x13,0x11,0x33,0x32,0x56,0x15,0x65,0x16,0x51,0x65,0x15,0x61,
0x56,0x15,0x61,0x56,0x15,0x62,0x56,0x15,0x61,0x56,0x51,0x65,0x16,0x51,0x51,0x65,
0x61,0x56,0x15,0x11,0x56,0x15,0x62,0x56,0x51,0x65,0x31,0x51,0x15,0x11,0x11,0x21,
0x21,0x21,0x21,0x22,0x23,0x11,0x21,0x21,0x11,0x11,0x31,0x12,0x11,0x31,0x12,0x12,
0x11,0x51,0x11,0x11,0x13,0x13,0x13,0x13,0x13,0x13,0x13,0x13,0x13,0x13,0x31,0x13,
0x13,0x13,0x13,0x13,0x13,0x13,0x13,0x13,0x13,0x31,0x33,0x13,0x13,0x31,0x33,0x11,
0x33,0x13,0x13,0x13,0x13,0x13,0x13,0x13,0x13,0x13,0x31,0x35,0x61,0x56,0x15,0x65,
0x16,0x51,0x65,0x65,0x65,0x10,0x15,0x61,0x56,0x15,0x61,0x56,0x15,0x61,0x56,0x51,
0x65,0x16,0x61,0x51,0x65,0x61,0x56,0x65,0x61,0x56,0x15,0x11,0x51,0x55,0x11,0x11,
0x11,0x15,0x13,0x11,0x52,0x31,0x23,0x12,0x12,0x12,0x31,0x13,0x11,0x31,0x11,0x21,
0x61,0x16,0x11,0x15,0x11,0x11,0x11,0x11,0x31,0x31,0x31,0x31,0x31,0x31,0x31,0x31,
0x31,0x31,0x13,0x13,0x13,0x13,0x13,0x13,0x13,0x13,0x13,0x13,0x13,0x13,0x13,0x13,
0x31,0x31,0x31,0x33,0x13,0x23,0x13,0x23,0x32,0x31,0x33,0x31,0x31,0x31,0x33,0x51,
0x65,0x61,0x56,0x16,0x51,0x65,0x16,0x11,0x61,0x56,0x61,0x56,0x56,0x51,0x65,0x16,
0x52,0x51,0x61,0x65,0x16,0x51,0x51,0x65,0x61,0x51,0x61,0x51,0x65,0x16,0x51,0x65,
0x66,0x10,0x11,0x25,0x11,0x11,0x11,0x52,0x11,0x21,0x21,0x21,0x21,0x21,0x12,0x11,
0x21,0x12,0x16,0x13,0x11,0x11,0x11,0x21,0x11,0x11,0x11,0x11,0x13,0x13,0x11,0x31,
0x31,0x31,0x31,0x31,0x31,0x31,0x31,0x31,0x31,0x31,0x31,0x31,0x31,0x31,0x31,0x33,
0x13,0x13,0x13,0x31,0x13,0x13,0x13,0x13,0x13,0x13,0x33,0x13,0x13,0x13,0x31,0x13,
0x13,0x13,0x32,0x15,0x15,0x15,0x61,0x56,0x15,0x65,0x15,0x56,0x51,0x51,0x55,0x61,
0x16,0x51,0x56,0x51,0x65,0x16,0x51,0x51,0x65,0x16,0x56,0x51,0x65,0x61,0x56,0x15,
0x61,0x51,0x65,0x16,0x15,0x56,0x11,0x11,0x15,0x11,0x11,0x21,0x36,0x10,0x12,0x13,
0x12,0x11,0x31,0x11,0x11,0x25,0x12,0x11,0x16,0x13,0x12,0x11,0x11,0x51,0x11,0x11,
0x31,0x31,0x33,0x13,0x13,0x13,0x13,0x13,0x13,0x13,0x13,0x13,0x13,0x13,0x13,0x13,
0x13,0x13,0x13,0x31,0x31,0x32,0x31,0x13,0x33,0x13,0x31,0x33,0x13,0x13,0x11,0x33,
0x13,0x31,0x31,0x31,0x31,0x33,0x36,0x56,0x16,0x56,0x56,0x51,0x56,0x15,0x66,0x51,
0x56,0x65,0x61,0x56,0x55,0x16,0x51,0x65,0x16,0x51,0x51,0x60,0x16,0x51,0x61,0x65,
0x11,0x56,0x15,0x61,0x56,0x65,0x16,0x15,0x61,0x53,0x11,0x51,0x11,0x12,0x51,0x51,
0x11,0x11,0x25,0x21,0x25,0x21,0x11,0x52,0x51,0x12,0x11,0x32,0x11,0x11,0x11,0x15,
0x21,0x11,0x31,0x11,0x13,0x13,0x11,0x31,0x31,0x31,0x31,0x31,0x31,0x31,0x31,0x31,
0x31,0x31,0x31,0x31,0x33,0x13,0x13,0x13,0x13,0x31,0x31,0x32,0x13,0x13,0x13,0x13,
0x13,0x31,0x33,0x13,0x13,0x13,0x13,0x11,0x31,0x32,0x15,0x16,0x56,0x15,0x15,0x15,
0x61,0x56,0x15,0x16,0x51,0x51,0x15,0x61,0x52,0x65,0x16,0x51,0x65,0x16,0x61,0x51,
0x65,0x16,0x51,0x51,0x65,0x61,0x56,0x15,0x61,0x51,0x01,0x56,0x15,0x65,0x11,0x11,
0x21,0x51,0x11,0x21,0x65,0x12,0x51,0x16,0x11,0x13,0x11,0x21,0x12,0x11,0x21,0x11,
0x13,0x16,0x11,0x01,0x11,0x11,0x11,0x11,0x13,0x13,0x13,0x13,0x13,0x13,0x13,0x13,
0x13,0x13,0x13,0x13,0x13,0x13,0x13,0x13,0x13,0x13,0x13,0x13,0x13,0x13,0x13,0x33,
0x13,0x23,0x13,0x13,0x13,0x13,0x13,0x31,0x33,0x31,0x31,0x33,0x13,0x33,0x56,0x15,
0x15,0x61,0x65,0x62,0x56,0x51,0x56,0x51,0x56,0x65,0x61,0x56,0x15,0x10,0x15,0x65,
0x16,0x51,0x56,0x65,0x16,0x51,0x61,0x65,0x16,0x15,0x61,0x01,0x65,0x16,0x56,0x15,
0x16,0x52,0x11,0x51,0x11,0x11,0x15,0x11,0x12,0x51,0x12,0x11,0x31,0x11,0x11,0x11,
0x11,0x01,0x10,0x16,0x11,0x11,0x31,0x11,0x21,0x11,0x11,0x11,0x31,0x31,0x31,0x31,
0x31,0x31,0x31,0x13,0x13,0x13,0x13,0x13,0x13,0x13,0x13,0x13,0x13,0x13,0x13,0x13,
0x13,0x13,0x31,0x13,0x13,0x13,0x31,0x33,0x23,0x13,0x13,0x13,0x13,0x13,0x13,0x11,
0x33,0x11,0x65,0x61,0x06,0x51,0x01,0x65,0x11,0x56,0x15,0x16,0x51,0x51,0x56,0x51,
0x56,0x65,0x61,0x65,0x15,0x16,0x11,0x51,0x65,0x16,0x56,0x52,0x65,0x16,0x51,0x65,
0x11,0x65,0x11,0x56,0x51,0x01,0x11,0x11,0x11,0x11,0x11,0x15,0x11,0x11,0x51,0x51,
0x11,0x51,0x11,0x51,0x13,0x11,0x21,0x11,0x31,0x11,0x12,0x12,0x15,0x11,0x11,0x31,
0x13,0x13,0x13,0x13,0x13,0x13,0x13,0x13,0x13,0x13,0x13,0x13,0x13,0x13,0x13,0x13,
0x13,0x13,0x13,0x13,0x13,0x13,0x13,0x33,0x13,0x31,0x33,0x13,0x13,0x31,0x33,0x23,
0x13,0x13,0x13,0x13,0x13,0x35,0x51,0x56,0x51,0x65,0x65,0x15,0x65,0x25,0x16,0x56,
0x16,0x56,0x15,0x16,0x51,0x56,0x15,0x51,0x65,0x61,0x01,0x65,0x61,0x65,0x16,0x15,
0x16,0x51,0x65,0x16,0x56,0x56,0x51,0x61,0x65,0x01,0x15,0x11,0x11,0x51,0x11,0x11,
0x51,0x01,0x61,0x12,0x51,0x12,0x51,0x13,0x11,0x11,0x51,0x31,0x61,0x31,0x21,0x31,
0x12,0x13,0x11,0x11,0x31,0x13,0x13,0x13,0x11,0x31,0x31,0x31,0x31,0x31,0x31,0x31,
0x31,0x31,0x31,0x31,0x31,0x31,0x31,0x31,0x31,0x31,0x31,0x13,0x13,0x13,0x12,0x31,
0x31,0x31,0x31,0x33,0x13,0x13,0x13,0x13,0x32,0x51,0x66,0x51,0x56,0x51,0x15,0x66,
0x51,0x65,0x65,0x16,0x55,0x16,0x56,0x56,0x15,0x61,0x56,0x16,0x51,0x65,0x16,0x51,
0x65,0x16,0x51,0x56,0x15,0x16,0x51,0x65,0x15,0x11,0x61,0x51,0x51,0x61,0x31,0x11,
0x15,0x11,0x51,0x11,0x21,0x11,0x51,0x51,0x11,0x11,0x11,0x11,0x61,0x52,0x12,0x11,
0x11,0x11,0x31,0x21,0x31,0x11,0x23,0x11,0x13,0x31,0x31,0x31,0x31,0x31,0x31,0x31,
0x31,0x31,0x31,0x31,0x31,0x31,0x31,0x31,0x31,0x31,0x31,0x31,0x33,0x13,0x13,0x31,
0x31,0x31,0x31,0x31,0x33,0x13,0x13,0x13,0x13,0x13,0x13,0x13,0x33,0x16,0x51,0x65,
0x16,0x15,0x61,0x51,0x61,0x56,0x15,0x15,0x61,0x65,0x15,0x15,0x65,0x10,0x15,0x65,
0x65,0x16,0x51,0x65,0x16,0x51,0x66,0x15,0x66,0x56,0x16,0x51,0x66,0x01,0x56,0x15,
0x60,0x11,0x11,0x11,0x11,0x11,0x15,0x11,0x51,0x51,0x11,0x31,0x61,0x51,0x15,0x61,
0x51,0x11,0x51,0x13,0x12,0x16,0x12,0x12,0x11,0x13,0x11,0x31,0x31,0x13,0x13,0x13,
0x13,0x13,0x13,0x13,0x13,0x13,0x13,0x13,0x13,0x13,0x13,0x13,0x13,0x13,0x13,0x13,
0x13,0x31,0x31,0x31,0x33,0x13,0x31,0x31,0x31,0x33,0x13,0x31,0x31,0x31,0x13,0x33,
0x15,0x65,0x15,0x61,0x05,0x16,0x56,0x56,0x55,0x61,0x56,0x65,0x15,0x61,0x56,0x16,
0x15,0x65,0x16,0x51,0x61,0x56,0x15,0x61,0x51,0x65,0x15,0x61,0x15,0x11,0x55,0x16,
0x51,0x56,0x16,0x51,0x55,0x11,0x11,0x11,0x11,0x11,0x11,0x11,0x11,0x12,0x51,0x16,
0x51,0x11,0x51,0x15,0x11,0x51,0x21,0x61,0x15,0x12,0x13,0x21,0x32,0x11,0x13,0x11,
0x13,0x13,0x13,0x13,0x13,0x13,0x13,0x13,0x13,0x13,0x13,0x13,0x13,0x13,0x31,0x31,
0x31,0x31,0x31,0x31,0x31,0x13,0x31,0x33,0x12,0x31,0x31,0x33,0x13,0x13,0x13,0x13,
0x13,0x13,0x13,0x23,0x15,0x16,0x15,0x65,0x16,0x51,0x51,0x51,0x25,0x10,0x15,0x16,
0x56,0x15,0x61,0x55,0x65,0x16,0x65,0x15,0x51,0x56,0x51,0x51,0x65,0x16,0x15,0x15,
0x62,0x56,0x62,0x56,0x15,0x61,0x51,0x66,0x10,0x21,0x01,0x51,0x51,0x15,0x11,0x51,
0x61,0x51,0x25,0x11,0x11,0x31,0x15,0x11,0x16,0x15,0x11,0x51,0x12,0x13,0x12,0x12,
0x13,0x13,0x11,0x31,0x31,0x31,0x31,0x13,0x13,0x13,0x13,0x13,0x13,0x13,0x11,0x31,
0x31,0x31,0x13,0x13,0x13,0x13,0x13,0x13,0x13,0x31,0x13,0x21,0x31,0x13,0x13,0x12,
0x31,0x31,0x31,0x31,0x31,0x13,0x13,0x31,0x56,0x65,0x65,0x15,0x65,0x65,0x61,0x65,
0x65,0x65,0x61,0x56,0x15,0x56,0x15,0x61,0x15,0x65,0x16,0x65,0x26,0x51,0x66,0x56,
0x51,0x65,0x61,0x65,0x16,0x11,0x51,0x61,0x56,0x15,0x16,0x51,0x56,0x11,0x11,0x26,
0x11,0x61,0x11,0x11,0x15,0x12,0x11,0x25,0x21,0x16,0x11,0x51,0x51,0x11,0x61,0x11,
0x31,0x12,0x13,0x25,0x21,0x12,0x13,0x11,0x13,0x13,0x13,0x31,0x31,0x31,0x31,0x31,
0x31,0x31,0x33,0x13,0x13,0x13,0x13,0x13,0x13,0x13,0x13,0x13,0x13,0x13,0x31,0x32,
0x12,0x32,0x12,0x31,0x13,0x13,0x31,0x31,0x31,0x31,0x33,0x25,0x61,0x51,0x51,0x61,
0x51,0x51,0x65,0x61,0x51,0x61,0x56,0x51,0x56,0x15,0x65,0x65,0x61,0x51,0x51,0x51,
0x56,0x15,0x51,0x61,0x16,0x15,0x15,0x61,0x56,0x51,0x65,0x15,0x65,0x16,0x51,0x15,
0x01,0x16,0x31,0x51,0x61,0x51,0x25,0x25,0x12,0x16,0x10,0x12,0x51,0x51,0x56,0x11,
0x61,0x51,0x51,0x61,0x16,0x12,0x12,0x12,0x13,0x13,0x11,0x31,0x31,0x31,0x31,0x13,
0x13,0x13,0x13,0x13,0x13,0x13,0x11,0x31,0x31,0x31,0x31,0x31,0x31,0x31,0x31,0x31,
0x31,0x32,0x12,0x12,0x31,0x23,0x13,0x13,0x23,0x13,0x13,0x13,0x11,0x33,0x31,0x56,
0x15,0x66,0x15,0x65,0x16,0x10,0x15,0x15,0x65,0x15,0x61,0x65,0x61,0x56,0x11,0x51,
0x06,0x56,0x56,0x56,0x15,0x16,0x15,0x65,0x65,0x61,0x65,0x16,0x11,0x65,0x61,0x65,
0x16,0x15,0x16,0x56,0x52,0x13,0x16,0x11,0x51,0x16,0x51,0x16,0x16,0x51,0x22,0x12,
0x12,0x12,0x11,0x51,0x51,0x15,0x11,0x51,0x11,0x51,0x21,0x31,0x21,0x11,0x13,0x11,
0x13,0x13,0x13,0x13,0x13,0x13,0x13,0x13,0x13,0x13,0x13,0x13,0x13,0x13,0x13,0x13,
0x13,0x13,0x13,0x13,0x31,0x31,0x32,0x31,0x23,0x12,0x12,0x31,0x13,0x13,0x13,0x13,
0x13,0x13,0x25,0x15,0x65,0x15,0x65,0x16,0x56,0x56,0x56,0x56,0x16,0x65,0x15,0x51,
0x65,0x16,0x50,0x16,0x51,0x61,0x51,0x15,0x16,0x56,0x56,0x11,0x51,0x15,0x61,0x65,
0x65,0x11,0x65,0x15,0x15,0x16,0x51,0x15,0x31,0x12,0x11,0x01,0x21,0x31,0x16,0x15,
0x11,0x22,0x52,0x21,0x21,0x61,0x01,0x61,0x15,0x61,0x51,0x15,0x21,0x21,0x32,0x12,
0x10,0x13,0x11,0x31,0x31,0x31,0x13,0x13,0x13,0x13,0x13,0x11,0x31,0x31,0x31,0x31,
0x31,0x31,0x31,0x31,0x31,0x31,0x31,0x31,0x31,0x22,0x31,0x13,0x12,0x31,0x32,0x13,
0x23,0x13,0x13,0x11,0x31,0x33,0x10,0x15,0x16,0x56,0x15,0x65,0x15,0x11,0x51,0x61,
0x55,0x16,0x56,0x16,0x51,0x65,0x16,0x56,0x15,0x65,0x61,0x06,0x51,0x51,0x61,0x56,
0x16,0x56,0x15,0x15,0x16,0x56,0x11,0x65,0x26,0x15,0x16,0x56,0x12,0x31,0x22,0x16,
0x51,0x61,0x52,0x16,0x10,0x11,0x21,0x02,0x13,0x13,0x11,0x51,0x01,0x11,0x11,0x11,
0x11,0x51,0x11,0x01,0x31,0x21,0x61,0x13,0x13,0x13,0x31,0x31,0x31,0x31,0x31,0x31,
0x31,0x31,0x31,0x31,0x31,0x31,0x31,0x31,0x31,0x31,0x31,0x31,0x31,0x31,0x13,0x22,
0x32,0x12,0x31,0x31,0x13,0x13,0x13,0x13,0x13,0x20,0x15,0x66,0x51,0x51,0x56,0x15,
0x61,0x56,0x65,0x10,0x16,0x56,0x15,0x65,0x16,0x56,0x15,0x15,0x61,0x51,0x56,0x51,
0x65,0x65,0x15,0x61,0x56,0x11,0x65,0x16,0x61,0x15,0x65,0x16,0x15,0x61,0x51,0x50,
0x21,0x62,0x52,0x51,0x11,0x51,0x61,0x51,0x61,0x25,0x22,0x12,0x16,0x21,0x61,0x61,
0x15,0x15,0x15,0x11,0x51,0x16,0x12,0x12,0x16,0x13,0x13,0x11,0x31,0x31,0x13,0x13,
0x11,0x31,0x31,0x31,0x31,0x31,0x31,0x31,0x31,0x31,0x31,0x31,0x31,0x31,0x31,0x32,
0x12,0x31,0x32,0x13,0x11,0x31,0x22,0x13,0x31,0x31,0x31,0x13,0x33,0x31,0x56,0x15,
0x16,0x56,0x15,0x16,0x56,0x51,0x51,0x65,0x65,0x16,0x51,0x61,0x56,0x51,0x56,0x65,
0x15,0x61,0x65,0x16,0x51,0x61,0x56,0x15,0x61,0x56,0x51,0x65,0x15,0x61,0x16,0x51,
0x51,0x15,0x26,0x51,0x12,0x31,0x21,0x16,0x16,0x11,0x15,0x21,0x15,0x22,0x13,0x26,
0x31,0x26,0x31,0x31,0x61,0x21,0x12,0x15,0x11,0x21,0x31,0x25,0x21,0x31,0x61,0x10,
0x13,0x13,0x31,0x31,0x33,0x13,0x13,0x13,0x13,0x13,0x11,0x31,0x31,0x31,0x33,0x13,
0x13,0x13,0x13,0x12,0x31,0x22,0x13,0x21,0x32,0x31,0x31,0x31,0x13,0x13,0x11,0x31,
0x31,0x56,0x15,0x15,0x65,0x16,0x51,0x01,0x51,0x61,0x65,0x15,0x16,0x51,0x01,0x55,
0x61,0x56,0x15,0x61,0x01,0x65,0x16,0x51,0x65,0x56,0x15,0x61,0x56,0x16,0x16,0x11,
0x61,0x56,0x51,0x61,0x65,0x61,0x51,0x52,0x12,0x12,0x16,0x11,0x51,0x56,0x16,0x15,
0x21,0x61,0x61,0x21,0x21,0x31,0x61,0x61,0x25,0x61,0x51,0x11,0x21,0x51,0x15,0x21,
0x36,0x16,0x13,0x21,0x13,0x13,0x13,0x13,0x11,0x31,0x31,0x31,0x31,0x31,0x33,0x13,
0x13,0x13,0x11,0x31,0x31,0x31,0x31,0x23,0x12,0x31,0x32,0x13,0x21,0x22,0x12,0x31,
0x31,0x31,0x13,0x33,0x25,0x16,0x56,0x56,0x16,0x55,0x16,0x56,0x15,0x65,0x15,0x66,
0x51,0x56,0x56,0x52,0x15,0x61,0x56,0x51,0x56,0x51,0x56,0x15,0x61,0x61,0x56,0x15,
0x21,0x56,0x51,0x56,0x51,0x61,0x16,0x51,0x61,0x15,0x15,0x61,0x25,0x21,0x31,0x52,
0x16,0x11,0x51,0x16,0x10,0x12,0x32,0x13,0x61,0x61,0x52,0x10,0x12,0x10,0x11,0x01,
0x15,0x11,0x61,0x16,0x11,0x31,0x31,0x61,0x31,0x31,0x31,0x31,0x33,0x13,0x13,0x13,
0x13,0x13,0x11,0x31,0x31,0x31,0x33,0x13,0x13,0x13,0x23,0x12,0x13,0x12,0x13,0x21,
0x31,0x31,0x31,0x31,0x31,0x31,0x31,0x33,0x25,0x65,0x16,0x15,0x15,0x16,0x65,0x15,
0x65,0x15,0x61,0x51,0x56,0x15,0x16,0x16,0x51,0x56,0x51,0x65,0x61,0x56,0x15,0x65,
0x15,0x56,0x15,0x61,0x65,0x11,0x56,0x15,0x61,0x56,0x56,0x15,0x65,0x16,0x56,0x31,
0x21,0x26,0x12,0x16,0x13,0x16,0x12,0x51,0x21,0x31,0x16,0x21,0x23,0x12,0x26,0x16,
0x10,0x12,0x52,0x16,0x11,0x25,0x21,0x31,0x36,0x11,0x61,0x31,0x13,0x13,0x13,0x13,
0x11,0x31,0x31,0x31,0x31,0x13,0x13,0x13,0x13,0x13,0x11,0x31,0x31,0x31,0x13,0x23,
0x12,0x23,0x12,0x13,0x21,0x21,0x23,0x13,0x13,0x11,0x33,0x31,0x51,0x51,0x55,0x16,
0x56,0x51,0x51,0x65,0x16,0x56,0x15,0x61,0x65,0x61,0x56,0x55,0x16,0x61,0x51,0x51,
0x65,0x61,0x56,0x15,0x61,0x61,0x56,0x15,0x61,0x65,0x61,0x51,0x15,0x11,0x15,0x16,
0x15,0x61,0x51,0x12,0x13,0x13,0x10,0x11,0x51,0x61,0x51,0x61,0x61,0x62,0x31,0x25,
0x26,0x10,0x15,0x21,0x31,0x61,0x21,0x13,0x12,0x11,0x15,0x11,0x61,0x31,0x21,0x61,
0x31,0x31,0x31,0x31,0x31,0x31,0x31,0x13,0x13,0x31,0x31,0x31,0x31,0x31,0x33,0x13,
0x13,0x13,0x12,0x12,0x31,0x32,0x13,0x21,0x23,0x13,0x13,0x13,0x13,0x13,0x23,0x16,
0x56,0x16,0x25,0x65,0x16,0x16,0x56,0x51,0x65,0x15,0x01,0x56,0x51,0x56,0x15,0x16,
0x51,0x56,0x56,0x65,0x15,0x10,0x16,0x51,0x65,0x56,0x51,0x65,0x15,0x61,0x51,0x65,
0x66,0x56,0x51,0x15,0x61,0x16,0x56,0x13,0x16,0x26,0x11,0x61,0x21,0x51,0x21,0x36,
0x13,0x21,0x61,0x22,0x11,0x21,0x61,0x01,0x61,0x36,0x13,0x61,0x11,0x51,0x21,0x61,
0x31,0x21,0x32,0x52,0x13,0x13,0x13,0x13,0x13,0x13,0x13,0x31,0x31,0x13,0x13,0x13,
0x13,0x13,0x11,0x31,0x31,0x22,0x23,0x13,0x12,0x12,0x32,0x13,0x11,0x23,0x13,0x13,
0x11,0x33,0x31,0x55,0x15,0x65,0x16,0x51,0x56,0x55,0x11,0x56,0x51,0x66,0x16,0x51,
0x56,0x15,0x65,0x65,0x16,0x51,0x61,0x51,0x06,0x15,0x65,0x15,0x61,0x61,0x16,0x51,
0x65,0x15,0x61,0x51,0x15,0x11,0x61,0x56,0x15,0x15,0x11,0x21,0x21,0x31,0x36,0x15,
0x16,0x12,0x51,0x61,0x16,0x10,0x23,0x61,0x36,0x52,0x23,0x16,0x16,0x12,0x16,0x13,
0x10,0x12,0x52,0x51,0x16,0x13,0x16,0x12,0x31,0x31,0x31,0x31,0x31,0x31,0x31,0x31,
0x13,0x31,0x31,0x31,0x31,0x31,0x33,0x13,0x23,0x13,0x12,0x12,0x32,0x31,0x13,0x21,
0x23,0x13,0x13,0x13,0x13,0x13,0x25,0x61,0x61,0x51,0x65,0x16,0x15,0x16,0x56,0x51,
0x65,0x15,0x51,0x56,0x16,0x51,0x61,0x51,0x65,0x16,0x51,0x56,0x51,0x56,0x51,0x01,
0x51,0x50,0x15,0x65,0x16,0x61,0x61,0x60,0x16,0x51,0x51,0x61,0x51,0x65,0x01,0x21,
0x36,0x16,0x15,0x12,0x11,0x61,0x12,0x10,0x13,0x21,0x11,0x21,0x12,0x11,0x16,0x13,
0x13,0x10,0x13,0x16,0x21,0x01,0x12,0x16,0x13,0x16,0x21,0x02,0x13,0x13,0x13,0x13,
0x13,0x13,0x11,0x31,0x31,0x13,0x13,0x13,0x13,0x13,0x11,0x31,0x11,0x23,0x13,0x23,
0x11,0x23,0x21,0x23,0x13,0x13,0x13,0x11,0x33,0x33,0x51,0x65,0x15,0x65,0x15,0x65,
0x15,0x61,0x51,0x65,0x15,0x16,0x16,0x15,0x65,0x16,0x51,0x06,0x51,0x05,0x16,0x51,
0x65,0x61,0x56,0x15,0x61,0x61,0x56,0x15,0x65,0x15,0x65,0x61,0x65,0x16,0x61,0x51,
0x56,0x51,0x21,0x23,0x12,0x13,0x12,0x25,0x63,0x11,0x01,0x61,0x21,0x61,0x62,0x11,
0x11,0x11,0x11,0x21,0x62,0x12,0x26,0x21,0x31,0x21,0x01,0x01,0x31,0x63,0x13,0x12,
0x31,0x31,0x31,0x31,0x31,0x31,0x33,0x13,0x13,0x31,0x31,0x31,0x31,0x31,0x33,0x13,
0x23,0x12,0x21,0x21,0x23,0x11,0x23,0x11,0x21,0x31,0x31,0x31,0x31,0x31,0x61,0x51,
0x65,0x16,0x56,0x15,0x66,0x10,0x15,0x61,0x56,0x56,0x55,0x65,0x16,0x51,0x56,0x15,
0x61,0x65,0x65,0x16,0x51,0x56,0x15,0x65,0x15,0x51,0x65,0x16,0x15,0x61,0x51,0x65,
0x11,0x51,0x51,0x61,0x15,0x65,0x21,0x21,0x31,0x61,0x61,0x21,0x21,0x62,0x13,0x21,
0x01,0x21,0x31,0x12,0x11,0x11,0x11,0x11,0x31,0x61,0x31,0x32,0x12,0x56,0x25,0x21,
0x61,0x21,0x62,0x01,0x13,0x11,0x31,0x31,0x31,0x31,0x11,0x31,0x31,0x13,0x13,0x13,
0x13,0x13,0x11,0x22,0x12,0x31,0x32,0x31,0x31,0x23,0x13,0x13,0x33,0x11,0x31,0x13,
0x33,0x16,0x55,0x61,0x56,0x15,0x21,0x56,0x15,0x56,0x16,0x51,0x61,0x61,0x52,0x15,
0x65,0x16,0x16,0x51,0x65,0x51,0x61,0x56,0x16,0x51,0x56,0x16,0x56,0x10,0x61,0x56,
0x56,0x15,0x61,0x51,0x65,0x16,0x16,0x51,0x56,0x31,0x12,0x16,0x21,0x31,0x25,0x21,
0x25,0x21,0x21,0x21,0x22,0x10,0x11,0x11,0x11,0x12,0x11,0x11,0x11,0x32,0x22,0x21,
0x02,0x11,0x52,0x10,0x13,0x63,0x11,0x62,0x31,0x31,0x31,0x31,0x31,0x31,0x33,0x13,
0x13,0x31,0x31,0x31,0x31,0x31,0x33,0x12,0x31,0x22,0x11,0x31,0x23,0x12,0x12,0x13,
0x11,0x31,0x31,0x33,0x01,0x51,0x61,0x51,0x65,0x16,0x56,0x15,0x65,0x16,0x51,0x56,
0x51,0x55,0x16,0x51,0x61,0x56,0x55,0x16,0x51,0x61,0x56,0x15,0x51,0x65,0x15,0x56,
0x15,0x61,0x51,0x01,0x15,0x61,0x56,0x15,0x16,0x11,0x51,0x51,0x65,0x12,0x12,0x13,
0x12,0x12,0x11,0x21,0x21,0x31,0x21,0x02,0x10,0x21,0x22,0x11,0x11,0x11,0x11,0x11,
0x11,0x11,0x31,0x32,0x10,0x23,0x61,0x62,0x61,0x21,0x01,0x01,0x13,0x13,0x13,0x13,
0x13,0x13,0x11,0x31,0x31,0x13,0x13,0x13,0x13,0x13,0x12,0x23,0x12,0x31,0x32,0x22,
0x31,0x23,0x13,0x31,0x33,0x11,0x33,0x31,0x10,0x61,0x56,0x10,0x16,0x56,0x15,0x65,
0x11,0x65,0x16,0x51,0x65,0x61,0x65,0x15,0x65,0x61,0x61,0x65,0x16,0x55,0x61,0x56,
0x15,0x61,0x06,0x15,0x61,0x56,0x56,0x15,0x65,0x15,0x61,0x51,0x61,0x56,0x16,0x15,
0x52,0x12,0x13,0x12,0x21,0x21,0x12,0x11,0x32,0x16,0x12,0x12,0x12,0x12,0x11,0x12,
0x11,0x11,0x11,0x11,0x11,0x12,0x22,0x21,0x22,0x16,0x13,0x61,0x52,0x01,0x62,0x23,
0x13,0x13,0x13,0x13,0x11,0x31,0x33,0x13,0x13,0x31,0x31,0x31,0x31,0x31,0x31,0x21,
0x32,0x13,0x21,0x31,0x23,0x11,0x31,0x13,0x11,0x31,0x31,0x35,0x61,0x56,0x15,0x61,
0x56,0x15,0x15,0x11,0x65,0x11,0x51,0x65,0x11,0x56,0x51,0x65,0x11,0x51,0x55,0x16,
0x51,0x61,0x65,0x65,0x61,0x55,0x16,0x51,0x65,0x16,0x15,0x65,0x16,0x61,0x51,0x61,
0x56,0x15,0x15,0x16,0x01,0x21,0x22,0x21,0x31,0x13,0x11,0x11,0x12,0x12,0x31,0x21,
0x31,0x21,0x31,0x11,0x11,0x11,0x21,0x11,0x21,0x11,0x13,0x23,0x13,0x10,0x16,0x10,
0x21,0x23,0x12,0x51,0x13,0x13,0x11,0x31,0x33,0x11,0x31,0x31,0x13,0x11,0x31,0x31,
0x31,0x31,0x21,0x31,0x21,0x32,0x13,0x12,0x31,0x23,0x13,0x31,0x13,0x13,0x33,0x16,
0x15,0x16,0x56,0x15,0x61,0x56,0x61,0x06,0x51,0x65,0x61,0x51,0x65,0x61,0x56,0x51,
0x65,0x65,0x61,0x06,0x15,0x65,0x15,0x11,0x56,0x61,0x56,0x15,0x51,0x01,0x56,0x16,
0x51,0x56,0x16,0x15,0x11,0x16,0x11,0x50,0x11,0x21,0x31,0x12,0x11,0x31,0x11,0x12,
0x12,0x31,0x12,0x12,0x12,0x16,0x11,0x21,0x11,0x21,0x11,0x11,0x11,0x12,0x52,0x12,
0x22,0x21,0x63,0x10,0x10,0x61,0x65,0x21,0x13,0x13,0x13,0x13,0x11,0x31,0x31,0x13,
0x13,0x13,0x13,0x13,0x13,0x21,0x32,0x31,0x32,0x13,0x12,0x31,0x13,0x13,0x11,0x31,
0x31,0x33,0x21,0x51,0x56,0x15,0x11,0x56,0x15,0x61,0x51,0x51,0x15,0x11,0x65,0x65,
0x61,0x56,0x15,0x16,0x51,0x61,0x56,0x15,0x56,0x51,0x65,0x65,0x65,0x15,0x61,0x56,
0x16,0x15,0x61,0x51,0x60,0x15,0x15,0x16,0x16,0x51,0x01,0x65,0x22,0x12,0x13,0x12,
0x12,0x11,0x11,0x11,0x11,0x12,0x23,0x16,0x21,0x31,0x21,0x11,0x11,0x11,0x11,0x11,
0x11,0x11,0x12,0x23,0x25,0x63,0x16,0x61,0x61,0x25,0x21,0x51,0x31,0x13,0x13,0x13,
0x13,0x13,0x13,0x31,0x31,0x31,0x31,0x31,0x31,0x13,0x21,0x23,0x12,0x31,0x22,0x13,
0x13,0x13,0x13,0x11,0x33,0x32,0x51,0x61,0x61,0x56,0x10,0x61,0x56,0x15,0x61,0x61,
0x01,0x65,0x16,0x15,0x15,0x61,0x56,0x15,0x16,0x51,0x61,0x56,0x11,0x65,0x61,0x51,
0x61,0x56,0x15,0x11,0x51,0x56,0x15,0x61,0x51,0x61,0x61,0x51,0x51,0x11,0x65,0x52,
0x11,0x31,0x22,0x13,0x11,0x11,0x11,0x31,0x12,0x12,0x11,0x21,0x12,0x21,0x21,0x21,
0x21,0x11,0x11,0x21,0x12,0x12,0x23,0x11,0x21,0x26,0x52,0x31,0x02,0x52,0x10,0x16,
0x13,0x31,0x31,0x31,0x31,0x31,0x31,0x13,0x13,0x13,0x13,0x13,0x13,0x21,0x33,0x12,
0x31,0x21,0x31,0x32,0x31,0x31,0x31,0x13,0x32,0x51,0x15,0x65,0x56,0x15,0x61,0x56,
0x15,0x61,0x51,0x56,0x15,0x16,0x51,0x01,0x61,0x56,0x51,0x56,0x51,0x65,0x15,0x61,
0x56,0x51,0x56,0x01,0x56,0x15,0x65,0x15,0x61,0x51,0x65,0x15,0x61,0x15,0x16,0x16,
0x16,0x15,0x16,0x01,0x11,0x21,0x31,0x21,0x21,0x21,0x21,0x11,0x11,0x11,0x11,0x12,
0x13,0x12,0x13,0x11,0x11,0x12,0x11,0x11,0x11,0x11,0x21,0x23,0x62,0x51,0x25,0x62,
0x16,0x25,0x61,0x51,0x31,0x13,0x13,0x11,0x31,0x31,0x31,0x31,0x31,0x31,0x31,0x31,
0x31,0x31,0x12,0x13,0x12,0x33,0x13,0x13,0x13,0x11,0x31,0x33,0x31,0x10,0x61,0x51,
0x61,0x56,0x15,0x11,0x51,0x65,0x61,0x65,0x16,0x51,0x61,0x56,0x56,0x15,0x16,0x61,
0x65,0x51,0x65,0x15,0x61,0x56,0x15,0x16,0x51,0x06,0x11,0x61,0x51,0x61,0x51,0x66,
0x15,0x61,0x61,0x51,0x51,0x51,0x65,0x11,0x21,0x11,0x21,0x31,0x11,0x13,0x11,0x12,
0x31,0x21,0x31,0x11,0x21,0x21,0x31,0x21,0x12,0x11,0x11,0x12,0x11,0x31,0x01,0x01,
0x25,0x26,0x31,0x25,0x63,0x16,0x13,0x16,0x31,0x31,0x31,0x31,0x31,0x31,0x31,0x31,
0x31,0x31,0x31,0x13,0x13,0x13,0x13,0x21,0x31,0x13,0x13,0x13,0x11,0x31,0x32,0x33,
0x15,0x61,0x51,0x61,0x56,0x15,0x16,0x01,0x65,0x16,0x15,0x16,0x56,0x15,0x15,0x61,
0x15,0x16,0x65,0x15,0x16,0x16,0x56,0x61,0x55,0x61,0x56,0x56,0x56,0x15,0x15,0x15,
0x15,0x15,0x15,0x15,0x11,0x51,0x51,0x11,0x61,0x15,0x01,0x21,0x11,0x21,0x12,0x21,
0x31,0x11,0x11,0x11,0x11,0x11,0x11,0x21,0x12,0x12,0x61,0x31,0x21,0x11,0x12,0x11,
0x21,0x61,0x26,0x10,0x16,0x16,0x16,0x63,0x16,0x01,0x51,0x51,0x13,0x13,0x13,0x13,
0x13,0x11,0x31,0x31,0x13,0x11,0x31,0x31,0x31,0x31,0x31,0x31,0x31,0x31,0x31,0x31,
0x31,0x31,0x33,0x31,0x61,0x51,0x65,0x15,0x61,0x56,0x16,0x15,0x16,0x15,0x15,0x61,
0x15,0x61,0x61,0x65,0x61,0x51,0x51,0x65,0x65,0x65,0x11,0x56,0x16,0x15,0x61,0x61,
0x51,0x51,0x51,0x11,0x16,0x15,0x66,0x16,0x16,0x11,0x61,0x56,0x15,0x65,0x11,0x11,
0x31,0x11,0x31,0x11,0x11,0x11,0x31,0x11,0x31,0x12,0x11,0x11,0x11,0x31,0x21,0x21,
0x21,0x21,0x21,0x12,0x13,0x13,0x63,0x16,0x20,0x25,0x20,0x16,0x25,0x16,0x13,0x16,
0x31,0x31,0x31,0x31,0x31,0x31,0x31,0x31,0x31,0x31,0x31,0x31,0x13,0x13,0x13,0x13,
0x13,0x13,0x13,0x13,0x13,0x13,0x33,0x11,0x56,0x15,0x16,0x61,0x56,0x15,0x15,0x66,
0x51,0x56,0x16,0x15,0x61,0x15,0x65,0x11,0x65,0x61,0x65,0x61,0x51,0x51,0x01,0x56,
0x51,0x01,0x56,0x51,0x65,0x61,0x61,0x56,0x51,0x56,0x15,0x15,0x15,0x15,0x16,0x15,
0x61,0x10,0x21,0x21,0x11,0x31,0x11,0x13,0x11,0x31,0x13,0x11,0x11,0x13,0x11,0x31,
0x11,0x21,0x31,0x21,0x31,0x21,0x21,0x31,0x11,0x21,0x61,0x01,0x01,0x62,0x10,0x13,
0x62,0x01,0x56,0x15,0x13,0x13,0x13,0x11,0x31,0x31,0x31,0x31,0x31,0x31,0x31,0x31,
0x31,0x31,0x23,0x13,0x11,0x31,0x31,0x31,0x13,0x33,0x11,0x56,0x15,0x16,0x15,0x15,
0x61,0x56,0x16,0x15,0x16,0x51,0x65,0x16,0x51,0x06,0x15,0x10,0x16,0x15,0x61,0x51,
0x61,0x65,0x61,0x61,0x56,0x56,0x51,0x56,0x51,0x15,0x15,0x15,0x16,0x15,0x11,0x61,
0x15,0x26,0x15,0x11,0x15,0x01,0x11,0x11,0x12,0x11,0x13,0x11,0x11,0x11,0x11,0x11,
0x21,0x31,0x11,0x11,0x12,0x11,0x26,0x10,0x11,0x31,0x11,0x21,0x32,0x10,0x10,0x26,
0x12,0x52,0x02,0x61,0x01,0x10,0x11,0x51,0x13,0x11,0x31,0x31,0x31,0x31,0x31,0x31,
0x31,0x31,0x31,0x31,0x31,0x31,0x31,0x31,0x31,0x31,0x31,0x13,0x33,0x23,0x56,0x15,
0x61,0x65,0x61,0x61,0x56,0x15,0x15,0x61,0x51,0x25,0x11,0x65,0x16,0x15,0x16,0x16,
0x51,0x51,0x51,0x65,0x15,0x61,0x15,0x56,0x15,0x16,0x16,0x51,0x15,0x61,0x51,0x61,
0x55,0x12,0x51,0x15,0x61,0x15,0x11,0x15,0x10,0x11,0x21,0x31,0x31,0x12,0x11,0x21,
0x11,0x21,0x11,0x13,0x11,0x11,0x21,0x12,0x11,0x31,0x11,0x21,0x26,0x13,0x21,0x11,
0x11,0x61,0x62,0x52,0x52,0x01,0x62,0x52,0x62,0x01,0x63,0x16,0x31,0x31,0x31,0x31,
0x31,0x31,0x31,0x13,0x13,0x11,0x31,0x31,0x13,0x13,0x11,0x31,0x31,0x31,0x31,0x33,
0x23,0x31,0x16,0x51,0x15,0x61,0x51,0x51,0x61,0x56,0x16,0x15,0x61,0x56,0x15,0x61,
0x65,0x16,0x15,0x15,0x16,0x61,0x65,0x11,0x61,0x55,0x65,0x21,0x56,0x15,0x65,0x16,
0x52,0x15,0x26,0x51,0x61,0x61,0x61,0x51,0x11,0x61,0x10,0x61,0x01,0x12,0x13,0x11,
0x11,0x13,0x11,0x13,0x13,0x13,0x11,0x21,0x11,0x13,0x11,0x21,0x13,0x12,0x13,0x61,
0x31,0x26,0x13,0x12,0x63,0x10,0x21,0x62,0x26,0x16,0x31,0x63,0x63,0x16,0x51,0x51,
0x13,0x13,0x13,0x13,0x13,0x13,0x13,0x13,0x11,0x31,0x31,0x13,0x13,0x13,0x13,0x13,
0x13,0x11,0x32,0x33,0x31,0x16,0x51,0x25,0x61,0x51,0x61,0x65,0x15,0x16,0x15,0x61,
0x56,0x15,0x61,0x15,0x11,0x51,0x56,0x16,0x51,0x65,0x16,0x56,0x56,0x16,0x51,0x65,
0x15,0x65,0x16,0x51,0x15,0x61,0x51,0x51,0x51,0x15,0x16,0x16,0x15,0x15,0x11,0x65,
0x52,0x13,0x11,0x13,0x13,0x11,0x13,0x11,0x11,0x11,0x31,0x11,0x31,0x11,0x31,0x13,
0x21,0x11,0x21,0x16,0x25,0x11,0x61,0x63,0x16,0x12,0x56,0x36,0x52,0x01,0x63,0x62,
0x51,0x63,0x62,0x52,0x31,0x31,0x13,0x13,0x11,0x31,0x31,0x31,0x33,0x13,0x13,0x31,
0x31,0x31,0x31,0x31,0x13,0x13,0x33,0x31,0x36,0x51,0x16,0x51,0x65,0x16,0x56,0x15,
0x61,0x65,0x16,0x15,0x16,0x51,0x65,0x61,0x65,0x61,0x61,0x51,0x65,0x11,0x51,0x61,
0x51,0x51,0x61,0x56,0x65,0x11,0x01,0x16,0x56,0x15,0x61,0x61,0x16,0x51,0x15,0x15,
0x16,0x16,0x15,0x52,0x11,0x12,0x13,0x12,0x11,0x13,0x11,0x13,0x13,0x12,0x11,0x31,
0x11,0x11,0x11,0x21,0x13,0x21,0x31,0x21,0x21,0x63,0x16,0x31,0x63,0x65,0x22,0x15,
0x26,0x36,0x31,0x63,0x62,0x01,0x63,0x61,0x31,0x13,0x31,0x31,0x33,0x13,0x13,0x13,
0x11,0x31,0x31,0x13,0x11,0x31,0x31,0x31,0x31,0x33,0x31,0x31,0x15,0x16,0x51,0x16,
0x16,0x51,0x15,0x16,0x15,0x10,0x15,0x16,0x51,0x16,0x11,0x15,0x61,0x16,0x51,0x65,
0x16,0x56,0x61,0x51,0x61,0x61,0x56,0x15,0x16,0x65,0x16,0x56,0x15,0x61,0x15,0x11,
0x51,0x61,0x61,0x61,0x51,0x15,0x16,0x51,0x21,0x13,0x12,0x13,0x13,0x11,0x13,0x11,
0x11,0x13,0x11,0x11,0x11,0x12,0x11,0x31,0x21,0x21,0x11,0x16,0x13,0x16,0x31,0x62,
0x56,0x12,0x63,0x62,0x01,0x61,0x60,0x16,0x16,0x31,0x61,0x36,0x13,0x31,0x13,0x13,
0x11,0x31,0x13,0x13,0x13,0x13,0x11,0x31,0x31,0x31,0x31,0x31,0x33,0x23,0x13,0x11,
0x56,0x51,0x16,0x51,0x51,0x65,0x61,0x51,0x61,0x51,0x61,0x65,0x16,0x51,0x56,0x51,
0x15,0x65,0x16,0x15,0x21,0x16,0x51,0x01,0x51,0x56,0x15,0x16,0x15,0x11,0x65,0x15,
0x16,0x15,0x11,0x66,0x11,0x51,0x51,0x11,0x16,0x51,0x50,0x11,0x11,0x21,0x13,0x13,
0x11,0x13,0x11,0x13,0x13,0x11,0x13,0x11,0x11,0x31,0x11,0x12,0x31,0x31,0x32,0x31,
0x26,0x11,0x61,0x52,0x12,0x56,0x31,0x63,0x61,0x02,0x01,0x20,0x25,0x26,0x36,0x16,
0x31,0x13,0x31,0x31,0x33,0x13,0x13,0x11,0x31,0x31,0x31,0x31,0x31,0x31,0x13,0x13,
0x13,0x33,0x25,0x11,0x15,0x60,0x15,0x16,0x16,0x11,0x51,0x65,0x15,0x61,0x65,0x11,
0x61,0x56,0x11,0x65,0x61,0x16,0x15,0x61,0x56,0x51,0x61,0x56,0x16,0x15,0x16,0x15,
0x61,0x65,0x15,0x16,0x11,0x11,0x51,0x15,0x16,0x16,0x11,0x01,0x51,0x11,0x01,0x11,
0x21,0x11,0x31,0x11,0x31,0x11,0x31,0x11,0x11,0x13,0x11,0x11,0x11,0x11,0x13,0x11,
0x12,0x12,0x21,0x13,0x15,0x25,0x36,0x25,0x66,0x31,0x65,0x61,0x02,0x16,0x16,0x01,
0x62,0x61,0x01,0x02,0x13,0x31,0x13,0x11,0x31,0x31,0x31,0x33,0x13,0x13,0x13,0x13,
0x13,0x13,0x13,0x13,0x33,0x11,0x11,0x23,0x11,0x55,0x61,0x65,0x15,0x66,0x16,0x51,
0x66,0x15,0x16,0x10,0x16,0x11,0x56,0x11,0x65,0x15,0x61,0x15,0x61,0x16,0x51,0x61,
0x56,0x16,0x51,0x56,0x15,0x51,0x61,0x61,0x51,0x06,0x16,0x11,0x15,0x11,0x51,0x61,
0x16,0x50,0x11,0x12,0x11,0x13,0x11,0x31,0x11,0x31,0x11,0x13,0x13,0x11,0x11,0x13,
0x11,0x11,0x11,0x12,0x31,0x31,0x31,0x32,0x12,0x26,0x16,0x13,0x25,0x26,0x32,0x10,
0x21,0x02,0x36,0x12,0x01,0x01,0x62,0x52,0x31,0x31,0x31,0x33,0x13,0x13,0x13,0x13,
0x13,0x13,0x13,0x13,0x11,0x31,0x33,0x33,0x13,0x11,0x13,0x11,0x32,0x16,0x55,0x61,
0x61,0x51,0x51,0x25,0x15,0x16,0x51,0x56,0x51,0x56,0x15,0x65,0x10,0x16,0x15,0x61,
0x16,0x51,0x15,0x16,0x15,0x15,0x16,0x15,0x16,0x25,0x11,0x51,0x16,0x11,0x15,0x15,
0x61,0x51,0x61,0x16,0x15,0x61,0x11,0x11,0x13,0x11,0x31,0x11,0x31,0x11,0x13,0x11,
0x11,0x31,0x13,0x11,0x13,0x13,0x11,0x11,0x11,0x12,0x12,0x21,0x31,0x13,0x25,0x26,
0x16,0x16,0x25,0x62,0x56,0x15,0x61,0x01,0x62,0x63,0x63,0x62,0x13,0x13,0x13,0x11,
0x31,0x13,0x13,0x11,0x31,0x31,0x31,0x31,0x31,0x33,0x31,0x31,0x11,0x13,0x11,0x31,
0x11,0x35,0x51,0x51,0x51,0x15,0x61,0x51,0x61,0x56,0x16,0x11,0x16,0x51,0x61,0x16,
0x16,0x15,0x16,0x15,0x65,0x16,0x56,0x15,0x61,0x65,0x61,0x52,0x15,0x11,0x16,0x16,
0x51,0x51,0x61,0x61,0x11,0x16,0x15,0x15,0x10,0x11,0x21,0x21,0x11,0x13,0x11,0x31,
0x11,0x31,0x11,0x13,0x11,0x11,0x31,0x11,0x11,0x11,0x13,0x11,0x13,0x13,0x11,0x11,
0x11,0x11,0x11,0x25,0x23,0x63,0x16,0x15,0x21,0x01,0x10,0x16,0x31,0x01,0x16,0x10,
0x31,0x31,0x31,0x31,0x31,0x31,0x31,0x33,0x13,0x13,0x13,0x13,0x13,0x13,0x33,0x01,
0x11,0x15,0x23,0x11,0x31,0x11,0x66,0x56,0x25,0x61,0x61,0x61,0x56,0x11,0x51,0x56,
0x51,0x16,0x15,0x15,0x15,0x61,0x51,0x65,0x11,0x61,0x15,0x61,0x15,0x61,0x51,0x61,
0x61,0x51,0x61,0x51,0x11,0x61,0x51,0x11,0x56,0x15,0x11,0x16,0x51,0x21,0x11,0x31,
0x13,0x11,0x11,0x11,0x31,0x11,0x31,0x11,0x13,0x11,0x11,0x11,0x31,0x11,0x11,0x13,
0x11,0x11,0x11,0x31,0x12,0x13,0x11,0x11,0x61,0x56,0x13,0x26,0x15,0x12,0x51,0x25,
0x16,0x20,0x63,0x62,0x13,0x13,0x13,0x13,0x13,0x13,0x13,0x11,0x31,0x31,0x31,0x31,
0x33,0x33,0x11,0x11,0x31,0x12,0x31,0x13,0x11,0x31,0x15,0x15,0x16,0x15,0x15,0x15,
0x11,0x56,0x52,0x61,0x56,0x51,0x56,0x15,0x61,0x15,0x61,0x51,0x65,0x15,0x61,0x51,
0x65,0x15,0x21,0x15,0x11,0x61,0x51,0x16,0x16,0x15,0x16,0x51,0x61,0x51,0x10,0x55,
0x21,0x31,0x13,0x11,0x31,0x12,0x31,0x13,0x11,0x13,0x11,0x31,0x11,0x13,0x13,0x13,
0x11,0x13,0x11,0x11,0x12,0x13,0x11,0x11,0x11,0x11,0x13,0x11,0x31,0x61,0x01,0x51,
0x52,0x15,0x16,0x51,0x65,0x16,0x10,0x16,0x31,0x31,0x31,0x31,0x31,0x31,0x31,0x33,
0x13,0x11,0x31,0x33,0x33,0x21,0x21,0x21,0x11,0x11,0x13,0x11,0x31,0x13,0x11,0x60,
0x15,0x16,0x56,0x16,0x56,0x11,0x61,0x56,0x11,0x16,0x15,0x61,0x15,0x62,0x51,0x65,
0x16,0x61,0x56,0x16,0x11,0x16,0x15,0x11,0x61,0x51,0x15,0x15,0x15,0x16,0x11,0x15,
0x11,0x16,0x51,0x61,0x12,0x13,0x11,0x21,0x13,0x11,0x13,0x11,0x11,0x31,0x31,0x13,
0x13,0x11,0x11,0x11,0x13,0x11,0x13,0x13,0x11,0x11,0x13,0x11,0x31,0x31,0x11,0x31,
0x13,0x10,0x10,0x16,0x11,0x52,0x51,0x13,0x16,0x13,0x61,0x63,0x13,0x13,0x13,0x13,
0x13,0x13,0x13,0x11,0x31,0x33,0x33,0x33,0x11,0x11,0x31,0x31,0x11,0x31,0x31,0x63,
0x12,0x12,0x13,0x15,0x56,0x15,0x11,0x56,0x16,0x56,0x15,0x11,0x56,0x56,0x15,0x15,
0x61,0x61,0x61,0x51,0x61,0x51,0x61,0x15,0x15,0x11,0x16,0x15,0x11,0x61,0x61,0x11,
0x61,0x11,0x16,0x11,0x16,0x51,0x56,0x13,0x21,0x32,0x13,0x13,0x11,0x13,0x11,0x13,
0x13,0x13,0x13,0x11,0x11,0x13,0x13,0x11,0x31,0x11,0x11,0x11,0x13,0x11,0x11,0x11,
0x11,0x11,0x12,0x11,0x11,0x21,0x61,0x10,0x15,0x11,0x11,0x01,0x61,0x52,0x10,0x26,
0x13,0x11,0x31,0x31,0x31,0x31,0x31,0x31,0x33,0x13,0x13,0x31,0x21,0x32,0x12,0x11,
0x11,0x11,0x13,0x11,0x13,0x13,0x11,0x21,0x65,0x56,0x16,0x11,0x51,0x15,0x61,0x65,
0x16,0x15,0x61,0x61,0x51,0x51,0x51,0x61,0x51,0x61,0x15,0x61,0x16,0x16,0x51,0x61,
0x65,0x16,0x15,0x61,0x51,0x51,0x51,0x56,0x15,0x16,0x51,0x21,0x13,0x13,0x31,0x31,
0x13,0x11,0x11,0x11,0x31,0x33,0x13,0x13,0x13,0x11,0x11,0x11,0x11,0x13,0x13,0x13,
0x11,0x13,0x11,0x31,0x11,0x11,0x31,0x11,0x31,0x01,0x36,0x51,0x61,0x56,0x51,0x15,
0x13,0x16,0x52,0x56,0x31,0x33,0x13,0x13,0x13,0x11,0x31,0x33,0x31,0x33,0x31,0x11,
0x21,0x21,0x31,0x13,0x11,0x31,0x31,0x13,0x11,0x31,0x13,0x11,0x56,0x51,0x65,0x16,
0x51,0x61,0x51,0x61,0x51,0x16,0x15,0x65,0x16,0x16,0x16,0x51,0x61,0x65,0x11,0x15,
0x61,0x51,0x11,0x15,0x11,0x15,0x11,0x11,0x16,0x16,0x11,0x11,0x51,0x05,0x12,0x31,
0x32,0x31,0x23,0x13,0x12,0x11,0x31,0x11,0x13,0x13,0x13,0x13,0x11,0x11,0x31,0x31,
0x23,0x11,0x11,0x21,0x13,0x11,0x11,0x11,0x31,0x31,0x11,0x31,0x11,0x12,0x51,0x12,
0x51,0x11,0x15,0x61,0x51,0x65,0x16,0x13,0x13,0x11,0x31,0x31,0x31,0x33,0x13,0x31,
0x33,0x31,0x21,0x22,0x52,0x12,0x13,0x11,0x11,0x12,0x13,0x11,0x31,0x13,0x11,0x32,
0x11,0x05,0x61,0x51,0x61,0x56,0x16,0x51,0x65,0x15,0x61,0x11,0x65,0x15,0x15,0x16,
0x15,0x11,0x61,0x61,0x11,0x61,0x56,0x11,0x65,0x11,0x61,0x56,0x51,0x15,0x16,0x51,
0x65,0x11,0x21,0x21,0x31,0x31,0x32,0x31,0x31,0x31,0x11,0x31,0x31,0x33,0x13,0x31,
0x31,0x31,0x11,0x13,0x11,0x13,0x13,0x12,0x12,0x13,0x12,0x11,0x11,0x13,0x11,0x12,
0x13,0x12,0x12,0x51,0x10,0x15,0x11,0x51,0x15,0x12,0x13,0x66,0x31,0x33,0x13,0x13,
0x13,0x31,0x33,0x33,0x21,0x11,0x21,0x31,0x21,0x31,0x21,0x31,0x11,0x31,0x31,0x13,
0x16,0x11,0x23,0x11,0x31,0x15,0x56,0x16,0x51,0x61,0x51,0x16,0x51,0x61,0x15,0x65,
0x11,0x61,0x61,0x65,0x11,0x61,0x51,0x51,0x51,0x15,0x11,0x51,0x11,0x61,0x51,0x61,
0x16,0x11,0x15,0x10,0x51,0x22,0x11,0x33,0x23,0x13,0x13,0x13,0x12,0x11,0x31,0x12,
0x13,0x31,0x31,0x13,0x11,0x11,0x12,0x11,0x13,0x11,0x11,0x13,0x13,0x12,0x13,0x11,
0x11,0x11,0x11,0x31,0x11,0x13,0x63,0x16,0x51,0x16,0x15,0x11,0x01,0x65,0x10,0x13,
0x33,0x13,0x13,0x23,0x33,0x33,0x33,0x11,0x12,0x21,0x32,0x13,0x12,0x13,0x16,0x11,
0x11,0x11,0x11,0x01,0x13,0x25,0x11,0x16,0x16,0x22,0x55,0x51,0x51,0x56,0x16,0x51,
0x16,0x15,0x61,0x61,0x01,0x65,0x15,0x11,0x61,0x51,0x61,0x61,0x16,0x16,0x16,0x16,
0x51,0x51,0x16,0x15,0x11,0x15,0x66,0x51,0x11,0x21,0x31,0x21,0x13,0x13,0x13,0x13,
0x13,0x12,0x12,0x13,0x11,0x13,0x13,0x31,0x31,0x31,0x31,0x31,0x11,0x12,0x13,0x11,
0x21,0x33,0x11,0x31,0x31,0x31,0x21,0x11,0x13,0x11,0x16,0x51,0x25,0x15,0x11,0x61,
0x51,0x13,0x61,0x66,0x32,0x33,0x13,0x33,0x23,0x31,0x11,0x21,0x23,0x12,0x11,0x21,
0x21,0x31,0x13,0x13,0x11,0x33,0x63,0x11,0x01,0x11,0x25,0x23,0x13,0x15,0x26,0x56,
0x16,0x11,0x51,0x61,0x56,0x51,0x15,0x15,0x16,0x51,0x61,0x65,0x11,0x11,0x15,0x11,
0x65,0x11,0x51,0x15,0x16,0x11,0x01,0x11,0x15,0x61,0x55,0x12,0x22,0x12,0x22,0x13,
0x32,0x32,0x31,0x32,0x12,0x11,0x21,0x12,0x13,0x11,0x13,0x13,0x13,0x11,0x11,0x11,
0x31,0x13,0x11,0x13,0x13,0x11,0x31,0x11,0x11,0x11,0x13,0x11,0x31,0x13,0x10,0x16,
0x11,0x15,0x25,0x11,0x61,0x56,0x10,0x23,0x33,0x33,0x33,0x33,0x31,0x11,0x12,0x13,
0x12,0x13,0x21,0x31,0x21,0x21,0x21,0x11,0x11,0x11,0x11,0x52,0x11,0x63,0x16,0x16,
0x16,0x12,0x11,0x65,0x51,0x51,0x65,0x15,0x16,0x10,0x16,0x16,0x51,0x15,0x15,0x11,
0x51,0x65,0x16,0x15,0x11,0x16,0x15,0x61,0x11,0x61,0x15,0x61,0x61,0x55,0x12,0x12,
0x11,0x32,0x13,0x22,0x12,0x13,0x12,0x13,0x21,0x32,0x12,0x31,0x21,0x13,0x11,0x11,
0x11,0x11,0x31,0x31,0x12,0x11,0x13,0x12,0x13,0x63,0x13,0x32,0x31,0x13,0x11,0x11,
0x11,0x16,0x61,0x31,0x50,0x16,0x11,0x51,0x56,0x10,0x10,0x16,0x33,0x13,0x31,0x11,
0x11,0x01,0x21,0x21,0x21,0x31,0x22,0x12,0x31,0x01,0x31,0x11,0x11,0x31,0x31,0x21,
0x52,0x31,0x63,0x12,0x36,0x10,0x12,0x15,0x65,0x61,0x51,0x61,0x65,0x16,0x15,0x16,
0x16,0x51,0x61,0x61,0x61,0x51,0x21,0x52,0x15,0x61,0x11,0x16,0x15,0x16,0x11,0x15,
0x15,0x61,0x21,0x21,0x12,0x11,0x21,0x11,0x23,0x12,0x12,0x11,0x12,0x11,0x21,0x12,
0x12,0x11,0x13,0x13,0x13,0x11,0x11,0x11,0x31,0x31,0x11,0x25,0x21,0x31,0x31,0x11,
0x11,0x31,0x12,0x31,0x21,0x31,0x36,0x16,0x21,0x51,0x52,0x61,0x01,0x36,0x26,0x25,
0x23,0x31,0x11,0x11,0x31,0x12,0x13,0x12,0x31,0x22,0x13,0x12,0x12,0x16,0x13,0x13,
0x11,0x15,0x21,0x52,0x25,0x12,0x12,0x21,0x13,0x22,0x25,0x22,0x10,0x56,0x16,0x15,
0x16,0x15,0x61,0x51,0x51,0x61,0x51,0x51,0x61,0x15,0x16,0x11,0x61,0x15,0x16,0x15,
0x61,0x11,0x51,0x65,0x65,0x11,0x21,0x21,0x21,0x21,0x12,0x22,0x11,0x21,0x31,0x22,
0x21,0x21,0x32,0x21,0x21,0x22,0x21,0x11,0x11,0x11,0x31,0x31,0x11,0x13,0x13,0x11,
0x13,0x13,0x12,0x31,0x31,0x11,0x11,0x11,0x31,0x62,0x51,0x01,0x52,0x61,0x61,0x51,
0x61,0x61,0x01,0x02,0x33,0x11,0x10,0x13,0x16,0x13,0x12,0x12,0x12,0x11,0x21,0x25,
0x21,0x21,0x31,0x11,0x11,0x31,0x25,0x21,0x61,0x22,0x21,0x22,0x22,0x10,0x12,0x21,
0x01,0x55,0x15,0x15,0x15,0x16,0x15,0x16,0x51,0x56,0x16,0x11,0x51,0x61,0x15,0x16,
0x11,0x52,0x15,0x11,0x15,0x16,0x15,0x51,0x21,0x22,0x12,0x12,0x12,0x12,0x31,0x11,
0x23,0x12,0x12,0x31,0x31,0x21,0x21,0x12,0x31,0x21,0x13,0x13,0x11,0x31,0x11,0x11,
0x11,0x21,0x11,0x13,0x11,0x21,0x31,0x11,0x11,0x21,0x31,0x11,0x11,0x31,0x62,0x61,
0x02,0x52,0x01,0x02,0x52,0x02,0x61,0x61,0x33,0x10,0x11,0x61,0x13,0x16,0x13,0x13,
0x21,0x31,0x31,0x21,0x21,0x31,0x12,0x11,0x11,0x16,0x12,0x13,0x12,0x21,0x23,0x12,
0x21,0x22,0x10,0x12,0x12,0x26,0x50,0x16,0x16,0x15,0x62,0x51,0x61,0x61,0x51,0x56,
0x11,0x56,0x16,0x11,0x51,0x61,0x61,0x16,0x16,0x15,0x65,0x61,0x12,0x11,0x31,0x21,
0x31,0x21,0x21,0x32,0x11,0x31,0x21,0x21,0x21,0x21,0x21,0x21,0x12,0x13,0x12,0x11,
0x31,0x11,0x13,0x12,0x13,0x12,0x13,0x11,0x21,0x31,0x13,0x12,0x11,0x31,0x11,0x31,
0x31,0x12,0x52,0x52,0x61,0x61,0x63,0x62,0x61,0x01,0x56,0x36,0x33,0x33,0x13,0x11,
0x51,0x13,0x11,0x61,0x13,0x16,0x12,0x12,0x52,0x12,0x51,0x11,0x13,0x25,0x21,0x62,
0x62,0x13,0x22,0x22,0x12,0x20,0x21,0x23,0x12,0x12,0x56,0x56,0x51,0x51,0x15,0x16,
0x15,0x15,0x26,0x11,0x51,0x21,0x51,0x51,0x61,0x51,0x51,0x51,0x51,0x55,0x61,0x21,
0x21,0x22,0x11,0x21,0x21,0x21,0x21,0x21,0x22,0x12,0x31,0x21,0x21,0x23,0x12,0x13,
0x21,0x21,0x21,0x31,0x11,0x12,0x11,0x23,0x11,0x11,0x31,0x23,0x13,0x11,0x21,0x11,
0x31,0x11,0x11,0x11,0x11,0x13,0x16,0x36,0x52,0x02,0x52,0x15,0x20,0x16,0x23,0x61,
0x33,0x23,0x31,0x52,0x10,0x11,0x13,0x15,0x16,0x13,0x13,0x21,0x21,0x31,0x21,0x13,
0x11,0x12,0x13,0x13,0x12,0x22,0x21,0x22,0x31,0x21,0x02,0x16,0x21,0x21,0x21,0x25,
0x50,0x16,0x16,0x15,0x15,0x61,0x51,0x56,0x16,0x51,0x61,0x61,0x51,0x61,0x16,0x16,
0x50,0x12,0x11,0x21,0x31,0x21,0x21,0x21,0x21,0x21,0x21,0x21,0x12,0x12,0x12,0x13,
0x12,0x11,0x21,0x21,0x12,0x12,0x12,0x11,0x21,0x31,0x13,0x11,0x13,0x12,0x10,0x16,
0x11,0x13,0x11,0x31,0x11,0x11,0x31,0x13,0x11,0x11,0x31,0x11,0x01,0x36,0x16,0x01,
0x62,0x02,0x52,0x56,0x32,0x33,0x32,0x11,0x11,0x10,0x11,0x11,0x11,0x51,0x52,0x13,
0x12,0x16,0x31,0x11,0x13,0x61,0x26,0x12,0x12,0x21,0x22,0x21,0x22,0x22,0x12,0x13,
0x16,0x21,0x21,0x21,0x65,0x65,0x15,0x16,0x16,0x15,0x16,0x11,0x51,0x16,0x51,0x51,
0x16,0x15,0x65,0x55,0x11,0x21,0x13,0x13,0x12,0x12,0x12,0x12,0x12,0x13,0x12,0x12,
0x31,0x21,0x31,0x21,0x21,0x22,0x13,0x12,0x21,0x21,0x31,0x21,0x31,0x12,0x01,0x63,
0x61,0x23,0x12,0x13,0x12,0x11,0x13,0x11,0x11,0x31,0x11,0x11,0x13,0x11,0x11,0x06,
0x25,0x26,0x36,0x16,0x31,0x61,0x61,0x21,0x33,0x32,0x33,0x33,0x63,0x11,0x10,0x10,
0x15,0x11,0x61,0x12,0x16,0x31,0x11,0x11,0x11,0x10,0x11,0x02,0x21,0x22,0x21,0x22,
0x22,0x13,0x23,0x62,0x21,0x32,0x12,0x63,0x12,0x56,0x56,0x15,0x15,0x16,0x11,0x56,
0x16,0x51,0x61,0x16,0x51,0x51,0x51,0x61,0x21,0x13,0x21,0x22,0x13,0x12,0x13,0x21,
0x21,0x21,0x21,0x21,0x12,0x12,0x21,0x22,0x13,0x12,0x12,0x13,0x12,0x11,0x21,0x31,
0x62,0x01,0x13,0x61,0x20,0x16,0x16,0x16,0x13,0x13,0x11,0x11,0x31,0x13,0x11,0x21,
0x11,0x31,0x21,0x25,0x16,0x25,0x11,0x01,0x01,0x01,0x02,0x52,0x33,0x33,0x31,0x33,
0x13,0x16,0x51,0x15,0x12,0x51,0x51,0x51,0x25,0x11,0x01,0x11,0x10,0x21,0x23,0x12,
0x23,0x21,0x23,0x22,0x12,0x22,0x12,0x12,0x12,0x12,0x12,0x31,0x21,0x21,0x01,0x56,
0x51,0x65,0x65,0x65,0x15,0x11,0x51,0x65,0x10,0x65,0x11,0x31,0x31,0x21,0x13,0x12,
0x12,0x12,0x12,0x11,0x21,0x21,0x21,0x21,0x21,0x23,0x12,0x31,0x21,0x23,0x12,0x21,
0x21,0x22,0x12,0x16,0x31,0x61,0x66,0x13,0x61,0x25,0x23,0x12,0x52,0x11,0x13,0x13,
0x11,0x11,0x13,0x11,0x11,0x11,0x31,0x31,0x25,0x12,0x06,0x16,0x12,0x52,0x15,0x21,
0x31,0x32,0x33,0x23,0x33,0x31,0x15,0x11,0x51,0x12,0x51,0x25,0x11,0x21,0x11,0x31,
0x11,0x31,0x61,0x62,0x12,0x22,0x12,0x13,0x22,0x16,0x21,0x31,0x21,0x21,0x21,0x11,
0x01,0x01,0x12,0x11,0x01,0x11,0x55,0x15,0x65,0x65,0x65,0x56,0x51,0x11,0x31,0x21,
0x13,0x13,0x22,0x13,0x21,0x21,0x21,0x21,0x32,0x12,0x12,0x13,0x12,0x12,0x31,0x21,
0x21,0x21,0x21,0x22,0x13,0x12,0x16,0x31,0x61,0x36,0x31,0x01,0x10,0x12,0x12,0x52,
0x12,0x13,0x11,0x11,0x11,0x31,0x11,0x11,0x31,0x11,0x16,0x10,0x12,0x51,0x11,0x31,
0x51,0x25,0x21,0x51,0x33,0x33,0x33,0x33,0x13,0x11,0x51,0x25,0x16,0x51,0x16,0x51,
0x25,0x10,0x11,0x11,0x12,0x16,0x13,0x12,0x22,0x12,0x22,0x22,0x13,0x22,0x12,0x22,
0x21,0x32,0x21,0x22,0x13,0x12,0x51,0x61,0x21,0x01,0x65,0x65,0x15,0x15,0x11,0x11,
0x12,0x11,0x13,0x53,0x13,0x11,0x13,0x12,0x12,0x31,0x21,0x21,0x21,0x21,0x21,0x21,
0x23,0x23,0x12,0x31,0x22,0x13,0x12,0x11,0x21,0x21,0x23,0x16,0x36,0x11,0x61,0x26,
0x31,0x25,0x26,0x21,0x01,0x31,0x13,0x12,0x13,0x11,0x11,0x11,0x11,0x31,0x31,0x15,
0x10,0x12,0x52,0x51,0x25,0x11,0x15,0x21,0x33,0x13,0x23,0x23,0x33,0x32,0x15,0x11,
0x51,0x16,0x51,0x15,0x16,0x11,0x11,0x11,0x10,0x13,0x62,0x10,0x12,0x23,0x22,0x12,
0x26,0x21,0x21,0x21,0x12,0x21,0x22,0x12,0x61,0x01,0x23,0x13,0x61,0x21,0x10,0x15,
0x65,0x21,0x12,0x13,0x13,0x13,0x31,0x13,0x13,0x13,0x21,0x21,0x21,0x12,0x12,0x12,
0x12,0x13,0x12,0x12,0x11,0x32,0x32,0x32,0x31,0x22,0x12,0x32,0x12,0x12,0x12,0x16,
0x11,0x01,0x01,0x01,0x16,0x22,0x13,0x11,0x21,0x12,0x11,0x13,0x11,0x11,0x11,0x13,
0x11,0x11,0x16,0x31,0x11,0x15,0x11,0x61,0x51,0x25,0x11,0x51,0x32,0x33,0x33,0x33,
0x13,0x31,0x52,0x15,0x21,0x51,0x15,0x25,0x13,0x10,0x11,0x13,0x12,0x12,0x11,0x01,
0x22,0x12,0x12,0x22,0x12,0x13,0x22,0x12,0x21,0x21,0x31,0x22,0x31,0x61,0x21,0x61,
0x13,0x15,0x25,0x65,0x15,0x11,0x35,0x13,0x13,0x13,0x11,0x31,0x13,0x15,0x13,0x13,
0x12,0x21,0x31,0x21,0x21,0x21,0x21,0x21,0x32,0x31,0x31,0x31,0x31,0x31,0x21,0x21,
0x21,0x31,0x21,0x21,0x36,0x21,0x62,0x16,0x31,0x51,0x11,0x12,0x11,0x31,0x13,0x11,
0x13,0x12,0x31,0x11,0x11,0x31,0x51,0x51,0x51,0x01,0x15,0x15,0x11,0x51,0x61,0x11,
0x33,0x33,0x23,0x13,0x33,0x61,0x15,0x21,0x15,0x15,0x15,0x16,0x11,0x51,0x31,0x11,
0x01,0x61,0x02,0x12,0x56,0x22,0x21,0x36,0x32,0x21,0x12,0x31,0x22,0x12,0x22,0x12,
0x10,0x25,0x13,0x10,0x16,0x56,0x56,0x55,0x65,0x65,0x11,0x31,0x31,0x31,0x31,0x31,
0x31,0x31,0x31,0x12,0x13,0x12,0x12,0x13,0x12,0x12,0x12,0x12,0x13,0x23,0x23,0x23,
0x22,0x21,0x31,0x21,0x32,0x12,0x12,0x12,0x11,0x02,0x52,0x52,0x52,0x21,0x31,0x11,
0x31,0x11,0x11,0x12,0x11,0x11,0x13,0x11,0x11,0x11,0x51,0x16,0x11,0x11,0x51,0x11,
0x52,0x15,0x15,0x31,0x33,0x31,0x33,0x33,0x16,0x11,0x51,0x15,0x16,0x16,0x12,0x51,
0x51,0x61,0x11,0x11,0x21,0x31,0x61,0x01,0x21,0x31,0x62,0x61,0x12,0x12,0x21,0x22,
0x13,0x22,0x12,0x12,0x16,0x12,0x16,0x12,0x56,0x55,0x15,0x16,0x51,0x56,0x31,0x21,
0x31,0x13,0x13,0x13,0x13,0x12,0x31,0x31,0x21,0x21,0x21,0x21,0x21,0x31,0x21,0x32,
0x22,0x31,0x31,0x32,0x31,0x22,0x12,0x12,0x12,0x12,0x13,0x12,0x12,0x16,0x13,0x12,
0x62,0x11,0x11,0x21,0x11,0x21,0x31,0x13,0x11,0x31,0x11,0x11,0x21,0x10,0x11,0x51,
0x51,0x51,0x21,0x51,0x11,0x51,0x11,0x61,0x23,0x33,0x33,0x51,0x11,0x51,0x25,0x10,
0x15,0x13,0x65,0x11,0x61,0x31,0x11,0x11,0x36,0x10,0x21,0x20,0x16,0x10,0x13,0x12,
0x13,0x21,0x22,0x12,0x22,0x12,0x12,0x21,0x23,0x10,0x13,0x62,0x05,0x16,0x56,0x55,
0x10,0x15,0x63,0x51,0x13,0x13,0x12,0x51,0x31,0x35,0x13,0x11,0x21,0x12,0x12,0x12,
0x12,0x12,0x12,0x12,0x11,0x32,0x32,0x31,0x32,0x32,0x12,0x31,0x22,0x13,0x21,0x21,
0x22,0x13,0x61,0x01,0x15,0x25,0x21,0x31,0x31,0x11,0x11,0x11,0x21,0x11,0x21,0x31,
0x13,0x11,0x31,0x11,0x11,0x51,0x51,0x31,0x51,0x21,0x51,0x51,0x33,0x33,0x11,0x12,
0x51,0x13,0x11,0x11,0x15,0x15,0x11,0x63,0x15,0x61,0x11,0x11,0x01,0x21,0x63,0x61,
0x21,0x61,0x26,0x12,0x01,0x22,0x31,0x21,0x21,0x22,0x32,0x10,0x11,0x61,0x21,0x25,
0x16,0x55,0x15,0x65,0x65,0x65,0x15,0x13,0x31,0x31,0x31,0x31,0x31,0x11,0x31,0x31,
0x21,0x21,0x21,0x21,0x21,0x21,0x21,0x21,0x33,0x23,0x13,0x13,0x21,0x31,0x21,0x21,
0x21,0x21,0x22,0x12,0x31,0x21,0x16,0x12,0x02,0x11,0x21,0x11,0x21,0x11,0x11,0x11,
0x11,0x31,0x11,0x11,0x31,0x15,0x15,0x15,0x10,0x11,0x15,0x11,0x11,0x51,0x11,0x31,
0x31,0x11,0x15,0x11,0x15,0x11,0x56,0x52,0x51,0x61,0x15,0x15,0x11,0x31,0x11,0x12,
0x16,0x20,0x11,0x21,0x01,0x36,0x31,0x01,0x22,0x11,0x22,0x22,0x22,0x12,0x11,0x22,
0x01,0x36,0x13,0x12,0x51,0x56,0x01,0x51,0x51,0x51,0x56,0x51,0x13,0x13,0x13,0x13,
0x13,0x33,0x11,0x31,0x32,0x13,0x12,0x12,0x12,0x13,0x12,0x12,0x21,0x31,0x32,0x32,
0x32,0x12,0x32,0x21,0x23,0x12,0x11,0x21,0x12,0x12,0x31,0x01,0x15,0x21,0x13,0x61,
0x51,0x21,0x11,0x11,0x11,0x11,0x31,0x21,0x15,0x11,0x11,0x15,0x11,0x15,0x11,0x51,
0x01,0x11,0x51,0x11,0x11,0x15,0x21,0x13,0x11,0x15,0x11,0x11,0x13,0x15,0x61,0x16,
0x10,0x11,0x11,0x15,0x23,0x11,0x62,0x52,0x61,0x21,0x61,0x22,0x61,0x22,0x12,0x10,
0x12,0x22,0x12,0x52,0x16,0x12,0x31,0x61,0x05,0x65,0x15,0x65,0x65,0x65,0x61,0x31,
0x31,0x31,0x31,0x52,0x13,0x11,0x31,0x31,0x11,0x21,0x21,0x21,0x21,0x21,0x21,0x32,
0x33,0x23,0x23,0x13,0x13,0x32,0x12,0x13,0x12,0x12,0x13,0x12,0x21,0x21,0x61,0x21,
0x62,0x11,0x21,0x12,0x21,0x11,0x21,0x12,0x11,0x11,0x11,0x31,0x11,0x10,0x15,0x21,
0x15,0x12,0x15,0x11,0x15,0x10,0x11,0x51,0x56,0x11,0x15,0x11,0x15,0x21,0x11,0x50,
0x15,0x15,0x15,0x13,0x11,0x13,0x11,0x11,0x25,0x26,0x31,0x61,0x31,0x63,0x10,0x11,
0x25,0x25,0x21,0x22,0x13,0x12,0x12,0x21,0x21,0x21,0x63,0x21,0x25,0x56,0x56,0x51,
0x51,0x51,0x55,0x31,0x31,0x51,0x31,0x31,0x31,0x13,0x13,0x13,0x13,0x21,0x21,0x31,
0x21,0x21,0x21,0x21,0x21,0x31,0x32,0x32,0x32,0x12,0x32,0x21,0x21,0x22,0x12,0x21,
0x12,0x12,0x16,0x10,0x11,0x31,0x12,0x11,0x31,0x21,0x11,0x11,0x11,0x31,0x21,0x11,
0x21,0x15,0x11,0x15,0x61,0x15,0x11,0x15,0x11,0x11,0x51,0x11,0x11,0x15,0x11,0x15,
0x12,0x15,0x10,0x11,0x15,0x11,0x52,0x15,0x61,0x01,0x11,0x10,0x12,0x10,0x16,0x13,
0x61,0x01,0x61,0x21,0x31,0x21,0x25,0x21,0x22,0x21,0x02,0x52,0x52,0x52,0x11,0x63,
0x16,0x15,0x65,0x56,0x56,0x56,0x12,0x13,0x13,0x13,0x11,0x31,0x31,0x31,0x52,0x11,
0x32,0x12,0x21,0x22,0x13,0x23,0x23,0x13,0x33,0x23,0x13,0x13,0x13,0x32,0x13,0x12,
0x21,0x21,0x21,0x13,0x21,0x21,0x32,0x52,0x11,0x11,0x21,0x31,0x11,0x21,0x12,0x11,
0x21,0x11,0x11,0x21,0x11,0x11,0x15,0x11,0x13,0x15,0x10,0x11,0x51,0x01,0x13,0x51,
0x15,0x11,0x25,0x11,0x15,0x11,0x11,0x15,0x61,0x01,0x11,0x61,0x13,0x11,0x11,0x31,
0x26,0x12,0x13,0x61,0x62,0x10,0x21,0x31,0x61,0x10,0x12,0x12,0x11,0x62,0x16,0x12,
0x21,0x21,0x63,0x16,0x13,0x22,0x11,0x13,0x13,0x13,0x13,0x13,0x13,0x13,0x13,0x13,
0x13,0x13,0x13,0x32,0x11,0x31,0x22,0x13,0x22,0x12,0x12,0x23,0x21,0x32,0x32,0x32,
0x32,0x13,0x31,0x32,0x13,0x12,0x12,0x21,0x12,0x12,0x12,0x11,0x11,0x21,0x11,0x11,
0x21,0x11,0x11,0x11,0x11,0x21,0x21,0x11,0x12,0x11,0x31,0x15,0x15,0x11,0x11,0x52,
0x11,0x11,0x51,0x11,0x13,0x10,0x11,0x10,0x11,0x15,0x15,0x15,0x11,0x15,0x15,0x15,
0x16,0x11,0x11,0x16,0x51,0x20,0x16,0x11,0x01,0x61,0x10,0x16,0x13,0x11,0x10,0x10,
0x12,0x31,0x01,0x36,0x10,0x25,0x21,0x21,0x21,0x10,0x12,0x11,0x11,0x13,0x13,0x11,
0x31,0x31,0x52,0x51,0x31,0x31,0x31,0x11,0x32,0x21,0x31,0x26,0x13,0x22,0x13,0x13,
0x23,0x23,0x13,0x13,0x13,0x32,0x12,0x21,0x21,0x21,0x31,0x12,0x21,0x21,0x25,0x12,
0x12,0x11,0x21,0x21,0x11,0x21,0x31,0x21,0x31,0x11,0x11,0x23,0x11,0x13,0x11,0x51,
0x11,0x15,0x21,0x11,0x13,0x11,0x11,0x01,0x15,0x11,0x15,0x11,0x51,0x31,0x12,0x52,
0x51,0x51,0x25,0x11,0x15,0x11,0x11,0x31,0x20,0x11,0x31,0x25,0x11,0x51,0x31,0x15,
0x11,0x10,0x11,0x12,0x16,0x12,0x12,0x13,0x61,0x21,0x20,0x10,0x10,0x12,0x31,0x13,
0x31,0x31,0x31,0x32,0x51,0x31,0x31,0x31,0x31,0x31,0x31,0x32,0x12,0x12,0x21,0x32,
0x61,0x21,0x22,0x21,0x31,0x31,0x32,0x32,0x32,0x13,0x23,0x33,0x22,0x12,0x12,0x21,
0x21,0x32,0x12,0x12,0x11,0x31,0x11,0x12,0x12,0x11,0x11,0x11,0x11,0x21,0x21,0x11,
0x11,0x11,0x11,0x21,0x21,0x11,0x11,0x11,0x11,0x11,0x11,0x11,0x16,0x10,0x12,0x15,
0x11,0x11,0x51,0x11,0x51,0x61,0x51,0x65,0x13,0x11,0x11,0x61,0x52,0x16,0x16,0x51,
0x26,0x12,0x51,0x11,0x31,0x31,0x13,0x15,0x25,0x25,0x21,0x21,0x13,0x61,0x31,0x26,
0x12,0x10,0x11,0x21,0x52,0x51,0x31,0x31,0x31,0x31,0x31,0x31,0x13,0x13,0x13,0x11,
0x21,0x36,0x12,0x11,0x31,0x20,0x12,0x12,0x23,0x23,0x23,0x13,0x13,0x32,0x31,0x21,
0x12,0x12,0x12,0x12,0x12,0x11,0x21,0x11,0x12,0x11,0x21,0x21,0x13,0x12,0x12,0x12,
0x12,0x11,0x11,0x11,0x21,0x11,0x11,0x11,0x11,0x11,0x11,0x11,0x11,0x11,0x11,0x11,
0x13,0x15,0x15,0x61,0x12,0x51,0x56,0x51,0x61,0x51,0x15,0x11,0x51,0x11,0x11,0x52,
0x10,0x12,0x51,0x21,0x51,0x51,0x15,0x13,0x11,0x15,0x11,0x21,0x12,0x12,0x21,0x63,
0x61,0x12,0x61,0x31,0x20,0x21,0x21,0x13,0x11,0x31,0x31,0x51,0x31,0x13,0x13,0x13,
0x31,0x31,0x32,0x12,0x21,0x21,0x21,0x22,0x22,0x12,0x13,0x21,0x21,0x21,0x32,0x32,
0x32,0x13,0x13,0x23,0x13,0x21,0x21,0x31,0x21,0x22,0x12,0x13,0x61,0x13,0x12,0x11,
0x21,0x21,0x11,0x31,0x11,0x12,0x11,0x31,0x11,0x21,0x11,0x13,0x11,0x11,0x11,0x12,
0x11,0x21,0x11,0x11,0x15,0x12,0x15,0x13,0x65,0x12,0x51,0x15,0x15,0x15,0x11,0x51,
0x61,0x21,0x11,0x21,0x52,0x15,0x21,0x51,0x25,0x12,0x13,0x11,0x51,0x31,0x13,0x15,
0x25,0x21,0x36,0x31,0x23,0x63,0x12,0x61,0x01,0x10,0x11,0x31,0x13,0x13,0x13,0x13,
0x13,0x51,0x13,0x11,0x13,0x13,0x11,0x23,0x12,0x21,0x22,0x16,0x12,0x12,0x21,0x22,
0x13,0x21,0x23,0x13,0x13,0x31,0x32,0x12,0x21,0x12,0x12,0x12,0x13,0x11,0x31,0x61,
0x13,0x21,0x21,0x13,0x16,0x31,0x21,0x11,0x23,0x11,0x12,0x11,0x11,0x11,0x31,0x11,
0x11,0x11,0x11,0x11,0x11,0x11,0x11,0x11,0x11,0x65,0x21,0x61,0x11,0x61,0x10,0x16,
0x15,0x11,0x52,0x15,0x15,0x11,0x12,0x52,0x10,0x16,0x16,0x25,0x21,0x15,0x11,0x13,
0x11,0x11,0x51,0x13,0x12,0x21,0x21,0x21,0x21,0x21,0x02,0x52,0x16,0x22,0x12,0x13,
0x13,0x13,0x13,0x13,0x21,0x31,0x31,0x33,0x13,0x11,0x31,0x21,0x01,0x21,0x21,0x32,
0x31,0x22,0x16,0x13,0x21,0x22,0x11,0x32,0x31,0x23,0x21,0x31,0x32,0x21,0x21,0x21,
0x21,0x22,0x10,0x10,0x16,0x12,0x12,0x21,0x36,0x10,0x11,0x21,0x11,0x13,0x11,0x11,
0x21,0x21,0x11,0x11,0x11,0x11,0x21,0x11,0x11,0x11,0x21,0x11,0x11,0x13,0x10,0x13,
0x63,0x13,0x61,0x15,0x15,0x25,0x15,0x11,0x61,0x11,0x13,0x16,0x16,0x13,0x15,0x11,
0x15,0x21,0x31,0x51,0x13,0x13,0x11,0x51,0x25,0x23,0x22,0x22,0x21,0x21,0x21,0x21,
0x01,0x31,0x21,0x31,0x13,0x15,0x13,0x13,0x13,0x13,0x13,0x11,0x31,0x13,0x12,0x12,
0x12,0x23,0x16,0x21,0x62,0x12,0x12,0x32,0x61,0x21,0x22,0x12,0x32,0x31,0x21,0x21,
0x21,0x13,0x12,0x12,0x12,0x16,0x12,0x12,0x11,0x21,0x21,0x16,0x21,0x01,0x21,0x11,
0x12,0x11,0x12,0x21,0x31,0x11,0x21,0x12,0x11,0x21,0x11,0x11,0x11,0x11,0x11,0x11,
0x11,0x11,0x62,0x12,0x12,0x61,0x20,0x12,0x51,0x61,0x61,0x51,0x32,0x11,0x15,0x15,
0x25,0x15,0x21,0x63,0x61,0x51,0x11,0x13,0x15,0x11,0x52,0x13,0x12,0x16,0x13,0x21,
0x22,0x22,0x52,0x01,0x21,0x61,0x21,0x13,0x11,0x31,0x31,0x31,0x31,0x31,0x31,0x31,
0x10,0x21,0x21,0x31,0x21,0x11,0x31,0x63,0x21,0x32,0x21,0x21,0x21,0x31,0x21,0x21,
0x21,0x22,0x12,0x12,0x12,0x21,0x21,0x21,0x21,0x25,0x25,0x25,0x22,0x11,0x31,0x21,
0x36,0x12,0x12,0x22,0x11,0x21,0x21,0x12,0x12,0x22,0x12,0x11,0x11,0x11,0x11,0x11,
0x21,0x11,0x11,0x11,0x12,0x11,0x25,0x26,0x36,0x13,0x21,0x25,0x16,0x51,0x51,0x15,
0x11,0x11,0x21,0x61,0x11,0x21,0x15,0x11,0x13,0x11,0x51,0x31,0x11,0x31,0x11,0x31,
0x13,0x21,0x36,0x13,0x12,0x10,0x21,0x21,0x02,0x52,0x11,0x01,0x13,0x11,0x31,0x31,
0x51,0x31,0x11,0x21,0x21,0x21,0x21,0x21,0x22,0x22,0x26,0x31,0x21,0x21,0x63,0x26,
0x31,0x21,0x21,0x21,0x21,0x21,0x21,0x21,0x21,0x21,0x21,0x21,0x23,0x62,0x12,0x12,
0x11,0x21,0x21,0x21,0x21,0x21,0x21,0x11,0x21,0x21,0x21,0x21,0x21,0x21,0x21,0x11,
0x21,0x11,0x12,0x11,0x11,0x12,0x11,0x21,0x11,0x11,0x12,0x31,0x21,0x26,0x36,0x12,
0x51,0x25,0x15,0x61,0x51,0x11,0x15,0x31,0x01,0x51,0x31,0x15,0x11,0x52,0x15,0x11,
0x31,0x11,0x31,0x11,0x21,0x02,0x12,0x12,0x21,0x21,0x61,0x01,0x61,0x31,0x21,0x20,
0x11,0x31,0x31,0x13,0x13,0x13,0x25,0x26,0x31,0x23,0x21,0x21,0x21,0x11,0x31,0x26,
0x22,0x13,0x21,0x21,0x21,0x22,0x13,0x12,0x13,0x21,0x21,0x31,0x21,0x21,0x21,0x21,
0x21,0x32,0x01,0x21,0x21,0x21,0x21,0x22,0x12,0x12,0x12,0x22,0x12,0x12,0x12,0x12,
0x21,0x21,0x21,0x21,0x11,0x12,0x11,0x12,0x11,0x11,0x11,0x11,0x11,0x12,0x02,0x16,
0x23,0x12,0x12,0x51,0x61,0x51,0x15,0x15,0x11,0x11,0x31,0x11,0x11,0x31,0x11,0x31,
0x13,0x11,0x31,0x13,0x15,0x13,0x11,0x31,0x13,0x21,0x02,0x02,0x10,0x20,0x23,0x12,
0x13,0x61,0x13,0x12,0x10,0x11,0x25,0x21,0x13,0x12,0x12,0x21,0x26,0x31,0x12,0x12,
0x12,0x32,0x62,0x01,0x13,0x26,0x12,0x01,0x22,0x12,0x12,0x12,0x11,0x12,0x12,0x12,
0x12,0x13,0x12,0x12,0x12,0x12,0x12,0x12,0x12,0x12,0x12,0x21,0x63,0x12,0x12,0x11,
0x23,0x12,0x21,0x22,0x12,0x31,0x21,0x21,0x21,0x21,0x12,0x11,0x21,0x21,0x12,0x11,
0x11,0x21,0x16,0x32,0x12,0x61,0x02,0x21,0x51,0x15,0x61,0x11,0x21,0x11,0x61,0x51,
0x51,0x15,0x15,0x13,0x11,0x31,0x13,0x13,0x11,0x31,0x15,0x12,0x11,0x61,0x21,0x21,
0x01,0x21,0x16,0x10,0x16,0x12,0x16,0x10,0x21,0x25,0x21,0x25,0x21,0x61,0x22,0x13,
0x21,0x21,0x21,0x31,0x21,0x12,0x12,0x12,0x12,0x12,0x21,0x22,0x12,0x31,0x22,0x12,
0x12,0x21,0x21,0x21,0x21,0x21,0x21,0x21,0x21,0x21,0x21,0x21,0x21,0x21,0x63,0x12,
0x21,0x22,0x12,0x21,0x21,0x21,0x32,0x11,0x21,0x21,0x21,0x21,0x21,0x21,0x21,0x22,
0x12,0x12,0x12,0x12,0x11,0x31,0x21,0x21,0x02,0x13,0x21,0x52,0x52,0x51,0x15,0x15,
0x11,0x11,0x31,0x31,0x13,0x11,0x31,0x11,0x51,0x11,0x31,0x11,0x31,0x11,0x31,0x25,
0x12,0x13,0x61,0x01,0x22,0x52,0x63,0x61,0x20,0x11,0x23,0x12,0x10,0x21,0x02,0x52,
0x36,0x12,0x31,0x21,0x21,0x21,0x21,0x21,0x21,0x21,0x01,0x21,0x21,0x21,0x36,0x11,
0x21,0x21,0x21,0x21,0x21,0x12,0x12,0x12,0x21,0x21,0x21,0x21,0x21,0x21,0x22,0x12,
0x21,0x31,0x21,0x21,0x21,0x21,0x23,0x12,0x12,0x12,0x12,0x22,0x12,0x12,0x12,0x13,
0x12,0x12,0x12,0x11,0x21,0x21,0x21,0x21,0x11,0x62,0x01,0x62,0x12,0x61,0x26,0x16,
0x11,0x10,0x11,0x13,0x11,0x11,0x51,0x15,0x11,0x51,0x11,0x31,0x21,0x51,0x15,0x15,
0x12,0x51,0x15,0x12,0x10,0x12,0x52,0x12,0x01,0x63,0x11,0x25,0x61,0x22,0x11,0x63,
0x61,0x01,0x21,0x21,0x61,0x31,0x61,0x20,0x22,0x01,0x32,0x21,0x31,0x21,0x22,0x12,
0x21,0x02,0x11,0x21,0x12,0x12,0x12,0x12,0x12,0x21,0x31,0x21,0x12,0x12,0x21,0x32,
0x12,0x21,0x21,0x22,0x12,0x21,0x21,0x22,0x12,0x12,0x12,0x12,0x12,0x21,0x21,0x12,
0x12,0x12,0x12,0x12,0x12,0x12,0x12,0x12,0x12,0x11,0x21,0x12,0x11,0x11,0x12,0x31,
0x61,0x36,0x31,0x25,0x10,0x11,0x51,0x51,0x11,0x25,0x21,0x51,0x13,0x11,0x31,0x51,
0x31,0x23,0x11,0x21,0x31,0x13,0x12,0x15,0x12,0x52,0x10,0x10,0x12,0x12,0x63,0x61,
0x31,0x31,0x20,0x21,0x13,0x26,0x52,0x01,0x31,0x62,0x13,0x61,0x31,0x21,0x21,0x12,
0x12,0x21,0x21,0x21,0x22,0x21,0x11,0x11,0x21,0x21,0x12,0x12,0x12,0x12,0x12,0x12,
0x31,0x21,0x12,0x11,0x21,0x22,0x12,0x31,0x21,0x21,0x22,0x12,0x12,0x12,0x12,0x12,
0x12,0x12,0x12,0x21,0x21,0x21,0x21,0x21,0x21,0x21,0x12,0x12,0x11,0x21,0x21,0x21,
0x11,0x15,0x11,0x61,0x36,0x21,0x25,0x21,0x61,0x51,0x61,0x12,0x11,0x11,0x51,0x13,
0x11,0x51,0x13,0x11,0x15,0x11,0x51,0x31,0x11,0x51,0x13,0x11,0x31,0x10,0x12,0x16,
0x25,0x25,0x11,0x31,0x62,0x11,0x11,0x63,0x62,0x52,0x12,0x16,0x16,0x13,0x61,0x32,
0x16,0x32,0x13,0x21,0x21,0x21,0x21,0x32,0x16,0x12,0x21,0x21,0x11,0x12,0x11,0x13,
0x12,0x12,0x12,0x12,0x12,0x12,0x21,0x22,0x21,0x21,0x21,0x21,0x22,0x12,0x12,0x21,
0x21,0x21,0x21,0x21,0x21,0x12,0x11,0x11,0x11,0x21,0x11,0x21,0x11,0x11,0x21,0x11,
0x21,0x21,0x12,0x11,0x11,0x11,0x11,0x11,0x21,0x02,0x61,0x21,0x31,0x61,0x55,0x31,
0x11,0x25,0x21,0x15,0x13,0x11,0x31,0x13,0x11,0x13,0x11,0x11,0x31,0x31,0x11,0x51,
0x11,0x01,0x25,0x25,0x22,0x16,0x20,0x61,0x01,0x21,0x36,0x11,0x61,0x21,0x06,0x36,
0x31,0x01,0x20,0x16,0x31,0x21,0x32,0x12,0x12,0x12,0x12,0x12,0x21,0x36,0x12,0x11,
0x21,0x11,0x12,0x12,0x12,0x12,0x12,0x12,0x12,0x12,0x12,0x11,0x21,0x22,0x12,0x12,
0x21,0x22,0x12,0x12,0x31,0x21,0x21,0x21,0x11,0x21,0x11,0x21,0x11,0x11,0x12,0x11,
0x21,0x12,0x11,0x12,0x11,0x11,0x21,0x11,0x31,0x11,0x11,0x11,0x11,0x15,0x12,0x51,
0x61,0x52,0x16,0x12,0x11,0x12,0x10,0x21,0x11,0x31,0x15,0x11,0x53,0x11,0x13,0x15,
0x11,0x11,0x51,0x13,0x11,0x13,0x61,0x62,0x56,0x25,0x12,0x52,0x52,0x12,0x16,0x32,
0x52,0x01,0x21,0x21,0x61,0x26,0x21,0x21,0x23,0x23,0x22,0x23,0x12,0x13,0x21,0x21,
0x32,0x12,0x31,0x21,0x12,0x12,0x11,0x11,0x11,0x21,0x21,0x21,0x21,0x21,0x21,0x23,
0x12,0x12,0x21,0x22,0x12,0x12,0x12,0x12,0x12,0x12,0x12,0x11,0x11,0x11,0x11,0x11,
0x11,0x11,0x11,0x11,0x11,0x11,0x11,0x11,0x11,0x21,0x11,0x11,0x11,0x11,0x11,0x11,
0x11,0x12,0x25,0x21,0x52,0x15,0x15,0x11,0x11,0x25,0x21,0x01,0x36,0x15,0x12,0x31,
0x11,0x51,0x31,0x11,0x31,0x31,0x21,0x31,0x13,0x11,0x10,0x13,0x12,0x52,0x26,0x16,
0x31,0x12,0x31,0x61,0x22,0x16,0x36,0x52,0x36,0x31,0x52,0x01,0x31,0x21,0x31,0x31,
0x21,0x21,0x21,0x21,0x21,0x62,0x12,0x32,0x11,0x21,0x11,0x21,0x12,0x12,0x12,0x12,
0x12,0x12,0x12,0x11,0x21,0x21,0x21,0x21,0x22,0x12,0x21,0x21,0x12,0x12,0x11,0x11,
0x11,0x11,0x11,0x11,0x12,0x11,0x11,0x11,0x11,0x11,0x12,0x11,0x11,0x11,0x11,0x11,
0x31,0x11,0x11,0x11,0x11,0x11,0x12,0x52,0x25,0x62,0x61,0x31,0x11,0x10,0x10,0x16,
0x13,0x61,0x31,0x51,0x32,0x11,0x11,0x31,0x11,0x11,0x51,0x15,0x11,0x13,0x16,0x16,
0x01,0x22,0x51,0x01,0x62,0x11,0x61,0x01,0x01,0x01,0x21,0x26,0x11,0x62,0x26,0x12,
0x62,0x33,0x21,0x32,0x23,0x21,0x22,0x12,0x12,0x12,0x12,0x12,0x32,0x12,0x11,0x12,
0x11,0x11,0x21,0x21,0x21,0x21,0x21,0x22,0x13,0x22,0x12,0x12,0x11,0x21,0x21,0x11,
0x11,0x11,0x11,0x11,0x11,0x11,0x12,0x11,0x11,0x11,0x12,0x11,0x12,0x11,0x11,0x11,
0x11,0x11,0x12,0x11,0x21,0x11,0x11,0x11,0x11,0x11,0x36,0x10,0x16,0x31,0x52,0x11,
0x12,0x02,0x62,0x52,0x56,0x16,0x16,0x11,0x15,0x13,0x13,0x11,0x31,0x51,0x31,0x12,
0x15,0x11,0x13,0x63,0x16,0x36,0x13,0x61,0x01,0x21,0x36,0x21,0x62,0x62,0x52,0x01,
0x36,0x31,0x52,0x32,0x31,0x32,0x13,0x22,0x31,0x12,0x11,0x21,0x21,0x23,0x12,0x12,
0x12,0x31,0x12,0x11,0x12,0x12,0x11,0x21,0x21,0x21,0x21,0x21,0x21,0x12,0x12,0x31,
0x22,0x12,0x11,0x11,0x11,0x11,0x11,0x12,0x11,0x11,0x11,0x11,0x11,0x11,0x11,0x11,
0x11,0x11,0x11,0x12,0x11,0x11,0x11,0x11,0x31,0x11,0x21,0x11,0x31,0x11,0x15,0x21,
0x01,0x52,0x15,0x21,0x11,0x52,0x51,0x36,0x16,0x10,0x13,0x01,0x31,0x15,0x11,0x31,
0x11,0x31,0x15,0x13,0x12,0x15,0x11,0x16,0x16,0x13,0x61,0x25,0x21,0x12,0x12,0x52,
0x01,0x31,0x62,0x16,0x12,0x16,0x26,0x21,0x31,0x22,0x31,0x31,0x22,0x21,0x21,0x21,
0x21,0x12,0x12,0x12,0x12,0x12,0x11,0x21,0x11,0x11,0x21,0x21,0x21,0x32,0x12,0x12,
0x12,0x22,0x12,0x12,0x11,0x21,0x11,0x11,0x11,0x11,0x11,0x11,0x11,0x12,0x11,0x12,
0x11,0x12,0x11,0x11,0x11,0x11,0x21,0x11,0x21,0x11,0x11,0x11,0x11,0x11,0x11,0x11,
0x11,0x11,0x11,0x25,0x21,0x61,0x01,0x12,0x11,0x61,0x02,0x61,0x02,0x31,0x61,0x25,
0x11,0x31,0x11,0x15,0x11,0x11,0x31,0x11,0x15,0x13,0x13,0x10,0x10,0x16,0x10,0x10,
0x12,0x12,0x01,0x63,0x16,0x26,0x31,0x02,0x36,0x36,0x31,0x31,0x23,0x23,0x12,0x32,
0x31,0x31,0x21,0x12,0x12,0x21,0x21,0x23,0x11,0x12,0x12,0x12,0x12,0x12,0x11,0x21,
0x12,0x11,0x22,0x12,0x12,0x11,0x21,0x21,0x12,0x11,0x11,0x21,0x12,0x11,0x12,0x11,
0x11,0x11,0x11,0x11,0x11,0x11,0x11,0x21,0x11,0x21,0x11,0x11,0x11,0x12,0x11,0x11,
0x33,0x11,0x11,0x11,0x11,0x11,0x11,0x52,0x13,0x61,0x32,0x11,0x11,0x36,0x10,0x10,
0x16,0x10,0x25,0x25,0x25,0x11,0x13,0x11,0x32,0x51,0x11,0x51,0x31,0x11,0x11,0x13,
0x62,0x52,0x01,0x20,0x21,0x21,0x20,0x12,0x01,0x01,0x62,0x16,0x16,0x11,0x31,0x22,
0x31,0x32,0x32,0x12,0x21,0x20,0x12,0x31,0x21,0x36,0x12,0x11,0x11,0x11,0x12,0x11,
0x21,0x21,0x12,0x11,0x21,0x22,0x12,0x12,0x21,0x22,0x12,0x11,0x11,0x11,0x11,0x11,
0x11,0x11,0x11,0x11,0x11,0x11,0x11,0x11,0x11,0x11,0x11,0x11,0x11,0x11,0x11,0x11,
0x11,0x11,0x11,0x11,0x31,0x11,0x11,0x11,0x11,0x11,0x13,0x26,0x51,0x61,0x61,0x11,
0x10,0x61,0x02,0x10,0x10,0x16,0x12,0x61,0x01,0x13,0x11,0x13,0x11,0x11,0x31,0x11,
0x11,0x31,0x51,0x01,0x61,0x26,0x16,0x51,0x12,0x12,0x01,0x60,0x16,0x21,0x02,0x02,
0x52,0x02,0x61,0x32,0x32,0x21,0x31,0x32,0x12,0x11,0x26,0x12,0x12,0x11,0x21,0x12,
0x12,0x12,0x11,0x21,0x21,0x21,0x31,0x32,0x12,0x11,0x22,0x12,0x12,0x11,0x21,0x11,
0x11,0x11,0x11,0x11,0x11,0x11,0x11,0x11,0x12,0x11,0x11,0x11,0x12,0x11,0x21,0x12,
0x11,0x11,0x11,0x12,0x11,0x11,0x12,0x11,0x13,0x11,0x21,0x11,0x11,0x12,0x15,0x11,
0x61,0x31,0x31,0x21,0x11,0x20,0x16,0x36,0x23,0x63,0x25,0x63,0x11,0x11,0x15,0x11,
0x31,0x31,0x13,0x13,0x13,0x11,0x21,0x13,0x25,0x25,0x63,0x26,0x11,0x13,0x63,0x12,
0x02,0x56,0x25,0x61,0x62,0x16,0x32,0x21,0x21,0x32,0x22,0x21,0x21,0x12,0x13,0x21,
0x31,0x22,0x12,0x11,0x11,0x12,0x12,0x12,0x12,0x16,0x20,0x60,0x21,0x21,0x31,0x21,
0x21,0x22,0x12,0x12,0x11,0x11,0x21,0x12,0x11,0x11,0x21,0x12,0x11,0x12,0x12,0x12,
0x11,0x21,0x11,0x12,0x12,0x12,0x12,0x11,0x21,0x12,0x11,0x11,0x31,0x10,0x10,0x11,
0x21,0x31,0x12,0x11,0x36,0x16,0x11,0x11,0x36,0x51,0x63,0x61,0x16,0x15,0x26,0x12,
0x13,0x15,0x21,0x15,0x11,0x11,0x51,0x11,0x51,0x15,0x13,0x61,0x63,0x16,0x31,0x63,
0x12,0x16,0x11,0x60,0x12,0x01,0x02,0x20,0x36,0x52,0x52,0x52,0x36,0x13,0x12,0x13,
0x12,0x12,0x16,0x16,0x21,0x21,0x21,0x22,0x21,0x21,0x21,0x21,0x21,0x31,0x26,0x31,
0x21,0x21,0x21,0x21,0x21,0x21,0x21,0x11,0x12,0x12,0x11,0x11,0x12,0x12,0x11,0x21,
0x12,0x12,0x12,0x12,0x12,0x12,0x12,0x21,0x12,0x12,0x11,0x21,0x11,0x21,0x11,0x11,
0x13,0x21,0x21,0x31,0x11,0x11,0x11,0x11,0x11,0x31,0x32,0x11,0x12,0x13,0x61,0x52,
0x25,0x62,0x25,0x25,0x25,0x11,0x13,0x21,0x11,0x52,0x11,0x31,0x13,0x11,0x15,0x10,
0x12,0x01,0x61,0x56,0x12,0x10,0x20,0x12,0x01,0x62,0x25,0x61,0x61,0x02,0x62,0x61,
0x63,0x65,0x63,0x12,0x12,0x11,0x21,0x23,0x12,0x11,0x21,0x21,0x12,0x12,0x13,0x12,
0x12,0x21,0x21,0x21,0x21,0x22,0x12,0x21,0x21,0x21,0x21,0x22,0x11,0x11,0x21,0x21,
0x21,0x21,0x21,0x21,0x21,0x31,0x21,0x21,0x12,0x11,0x31,0x12,0x12,0x11,0x21,0x21,
0x22,0x11,0x21,0x21,0x21,0x65,0x21,0x61,0x31,0x11,0x11,0x21,0x61,0x61,0x21,0x11,
0x02,0x56,0x10,0x21,0x52,0x25,0x21,0x02,0x65,0x13,0x11,0x15,0x13,0x11,0x51,0x11,
0x11,0x13,0x10,0x26,0x10,0x12,0x52,0x61,0x11,0x20,0x16,0x25,0x26,0x31,0x02,0x10,
0x20,0x21,0x03,0x60,0x51,0x61,0x21,0x61,0x63,0x12,0x13,0x61,0x21,0x22,0x12,0x12,
0x21,0x21,0x21,0x21,0x31,0x21,0x31,0x21,0x22,0x23,0x12,0x32,0x12,0x31,0x21,0x31,
0x21,0x21,0x31,0x21,0x21,0x31,0x12,0x13,0x12,0x11,0x21,0x31,0x21,0x12,0x11,0x21,
0x13,0x12,0x11,0x21,0x21,0x12,0x11,0x21,0x13,0x12,0x51,0x31,0x16,0x11,0x31,0x11,
0x10,0x12,0x12,0x11,0x52,0x12,0x21,0x02,0x23,0x61,0x36,0x10,0x12,0x11,0x31,0x31,
0x11,0x11,0x13,0x13,0x15,0x13,0x61,0x01,0x62,0x56,0x25,0x23,0x12,0x16,0x13,0x62,
0x51,0x66,0x25,0x26,0x13,0x60,0x15,0x11,0x62,0x52,0x50,0x10,0x16,0x16,0x16,0x12,
0x11,0x31,0x21,0x21,0x13,0x12,0x11,0x21,0x21,0x26,0x21,0x26,0x12,0x16,0x21,0x21,
0x21,0x21,0x21,0x11,0x12,0x12,0x11,0x31,0x21,0x21,0x31,0x12,0x11,0x12,0x11,0x11,
0x13,0x11,0x21,0x21,0x21,0x12,0x13,0x11,0x21,0x31,0x21,0x21,0x11,0x21,0x21,0x61,
0x01,0x11,0x11,0x12,0x12,0x13,0x11,0x11,0x21,0x02,0x12,0x16,0x16,0x10,0x61,0x36,
0x10,0x63,0x11,0x11,0x31,0x31,0x11,0x51,0x63,0x16,0x12,0x16,0x31,0x26,0x31,0x01,
0x11,0x30,0x10,0x10,0x20,0x15,0x26,0x36,0x36,0x10,0x26,0x36,0x51,0x01,0x61,0x02,
0x52,0x52,0x31,0x36,0x12,0x12,0x11,0x21,0x21,0x21,0x22,0x12,0x22,0x21,0x22,0x13,
0x12,0x12,0x12,0x61,0x21,0x11,0x11,0x22,0x13,0x11,0x21,0x21,0x21,0x21,0x21,0x21,
0x21,0x21,0x31,0x21,0x21,0x12,0x11,0x31,0x12,0x12,0x12,0x12,0x12,0x12,0x12,0x11,
0x13,0x63,0x61,0x01,0x21,0x11,0x11,0x01,0x10,0x21,0x21,0x11,0x61,0x21,0x21,0x20,
0x13,0x61,0x36,0x16,0x13,0x16,0x15,0x11,0x15,0x11,0x52,0x11,0x51,0x61,0x36,0x31,
0x61,0x01,0x16,0x12,0x12,0x10,0x26,0x16,0x16,0x20,0x16,0x51,0x25,0x61,0x25,0x61,
0x36,0x10,0x13,0x61,0x01,0x25,0x62,0x12,0x11,0x12,0x12,0x12,0x12,0x12,0x12,0x21,
0x21,0x21,0x21,0x22,0x22,0x32,0x21,0x21,0x32,0x21,0x21,0x12,0x11,0x12,0x12,0x11,
0x31,0x12,0x12,0x12,0x13,0x12,0x12,0x12,0x12,0x12,0x12,0x12,0x12,0x13,0x12,0x12,
0x12,0x11,0x31,0x21,0x11,0x51,0x13,0x16,0x52,0x51,0x25,0x21,0x01,0x12,0x11,0x13,
0x63,0x10,0x21,0x26,0x10,0x16,0x16,0x31,0x06,0x10,0x10,0x25,0x11,0x13,0x13,0x10,
0x22,0x23,0x61,0x26,0x31,0x62,0x01,0x01,0x11,0x02,0x15,0x63,0x52,0x52,0x01,0x20,
0x61,0x01,0x01,0x65,0x61,0x01,0x65,0x16,0x16,0x52,0x11,0x22,0x12,0x21,0x21,0x21,
0x21,0x21,0x22,0x13,0x26,0x13,0x22,0x21,0x21,0x61,0x12,0x31,0x21,0x11,0x11,0x11,
0x12,0x11,0x12,0x12,0x12,0x21,0x21,0x23,0x12,0x12,0x12,0x12,0x12,0x13,0x12,0x12,
0x12,0x11,0x21,0x12,0x12,0x12,0x11,0x11,0x11,0x36,0x26,0x32,0x12,0x20,0x12,0x51,
0x22,0x12,0x12,0x11,0x16,0x12,0x12,0x13,0x26,0x12,0x01,0x01,0x25,0x25,0x21,0x01,
0x20,0x11,0x61,0x21,0x22,0x12,0x16,0x31,0x26,0x31,0x20,0x11,0x21,0x25,0x62,0x56,
0x16,0x25,0x16,0x01,0x56,0x25,0x65,0x31,0x01,0x01,0x36,0x25,0x25,0x21,0x21,0x31,
0x21,0x21,0x12,0x12,0x12,0x21,0x31,0x22,0x12,0x22,0x12,0x12,0x12,0x12,0x21,0x22,
0x21,0x21,0x11,0x11,0x11,0x11,0x11,0x11,0x13,0x11,0x32,0x11,0x21,0x21,0x31,0x13,
0x12,0x12,0x12,0x12,0x13,0x12,0x12,0x31,0x11,0x11,0x21,0x11,0x12,0x61,0x31,0x16,
0x10,0x11,0x25,0x26,0x11,0x21,0x31,0x13,0x61,0x22,0x12,0x11,0x25,0x36,0x16,0x16,
0x52,0x61,0x65,0x21,0x01,0x01,0x32,0x22,0x36,0x32,0x22,0x16,0x31,0x26,0x52,0x11,
0x12,0x01,0x61,0x63,0x15,0x16,0x01,0x52,0x63,0x52,0x12,0x65,0x16,0x52,0x65,0x16,
0x01,0x22,0x22,0x12,0x12,0x13,0x21,0x21,0x21,0x12,0x12,0x21,0x21,0x12,0x13,0x12,
0x32,0x22,0x26,0x21,0x12,0x11,0x11,0x12,0x11,0x12,0x11,0x12,0x11,0x21,0x11,0x21,
0x11,0x12,0x11,0x21,0x11,0x11,0x11,0x11,0x11,0x11,0x11,0x11,0x21,0x11,0x11,0x11,
};
